{"stats":{"minecraft:crafted":{"minecraft:oak_planks":20,"quark:birch_chest":3,"minecraft:diamond_shovel":2,"minecraft:cooked_mutton":4,"minecraft:glass":50,"minecraft:diamond_leggings":2,"minecraft:iron_boots":2,"aether:diamond_gloves":1,"torchmaster:megatorch":1,"minecraft:smoker":1,"sophisticatedbackpacks:backpack":2,"minecraft:cooked_porkchop":22,"minecraft:diamond_axe":1,"minecraft:crafting_table":2,"minecraft:wooden_pickaxe":1,"minecraft:copper_ingot":7,"minecraft:gold_block":2,"minecraft:birch_planks":24,"minecraft:iron_chestplate":2,"minecraft:diamond_pickaxe":2,"minecraft:shield":1,"minecraft:stick":28,"quark:oak_chest":1,"minecraft:iron_ingot":43,"minecraft:stone_sword":1,"minecraft:gold_ingot":17,"naturalist:cooked_egg":1,"minecraft:coal":144,"minecraft:stone_shovel":1,"quark:jungle_chest":2,"minecraft:furnace":1,"luminousworld:white_oak_plank":4,"minecraft:stone_pickaxe":1,"minecraft:diamond_boots":1,"sophisticatedbackpacks:iron_backpack":2,"minecraft:wheat":153,"minecraft:cooked_beef":22,"iceandfire:dragonbone_sword":1,"ironchest:gold_chest":2,"minecraft:diamond_sword":2,"iceandfire:silver_ingot":7,"minecraft:stone_axe":1,"minecraft:bread":67,"minecraft:air":0,"minecraft:jungle_planks":84,"minecraft:oak_fence_gate":1,"minecraft:jungle_door":3,"minecraft:white_wool":3,"minecraft:white_bed":1,"minecraft:torch":20,"minecraft:diamond_chestplate":1,"ironchest:iron_chest":2},"minecraft:killed_by":{"minecraft:ravager":6,"minecraft:zombie":5,"minecraft:enderman":1,"minecraft:skeleton":2,"born_in_chaos_v1:maggot":1},"minecraft:dropped":{"sophisticatedbackpacks:iron_backpack":1,"minecraft:dark_oak_stairs":7,"luminousworld:yellowpetunias":1,"minecraft:oak_log":2,"minecraft:jungle_planks":30,"minecraft:red_sandstone_wall":2,"iceandfire:graveyard_soil":5,"minecraft:red_carpet":4,"minecraft:item_frame":2,"minecraft:dirt":3,"minecraft:packed_mud":5,"minecraft:dark_oak_trapdoor":3,"minecraft:cut_copper":2,"minecraft:note_block":2,"minecraft:waxed_cut_copper_stairs":1,"minecraft:black_terracotta":1,"minecraft:rotten_flesh":17,"minecraft:diamond_shovel":1,"minecraft:dark_oak_fence_gate":1,"supplementaries:ash":2,"iceandfire:ghost_chest":1,"born_in_chaos_v1:corpse_maggot":2,"minecraft:honey_block":1,"minecraft:birch_button":2,"minecraft:arrow":2,"minecraft:scaffolding":1,"minecraft:bread":35,"minecraft:oxidized_cut_copper":1,"minecraft:diamond_leggings":1,"minecraft:cobblestone":8,"minecraft:granite":3,"minecraft:polished_blackstone_button":1,"minecraft:chainmail_helmet":2,"minecraft:stick":1,"minecraft:mud_brick_wall":11,"minecraft:golden_carrot":3,"minecraft:oak_stairs":2,"minecraft:string":1,"minecraft:gray_carpet":12,"minecraft:stone_sword":1,"minecraft:iron_boots":1,"minecraft:stripped_acacia_wood":4,"minecraft:waxed_exposed_cut_copper":1,"minecraft:copper_ore":1,"minecraft:diamond_sword":1,"takesapillage:ravager_horn":20,"minecraft:mud_bricks":18,"minecraft:waxed_cut_copper":9,"minecraft:diamond_pickaxe":1,"minecraft:iron_chestplate":1,"minecraft:oak_sapling":1,"minecraft:waxed_oxidized_cut_copper":1,"minecraft:brown_carpet":1,"minecraft:stone_pickaxe":2,"minecraft:wooden_pickaxe":1},"minecraft:killed":{"minecraft:spider":2,"iceandfire:stymphalian_bird":1,"born_in_chaos_v1:baby_skeleton_minion":2,"minecraft:skeleton":5,"alexsmobs:leafcutter_ant":2,"born_in_chaos_v1:bonescaller":1,"minecraft:pig":9,"earthmobsmod:lobber_zombie":1,"undead_revamp2:theheavy":1,"minecraft:creeper":2,"minecraft:sheep":4,"minecraft:zombie":11,"born_in_chaos_v1:dread_hound":1,"born_in_chaos_v1:corpse_fly":4,"enemyexpansion:botfly":2,"born_in_chaos_v1:door_knight":1,"minecraft:cow":8,"undead_revamp2:theimmortal":2,"enemyexpansion:direwolf":3,"born_in_chaos_v1:maggot":6,"earthmobsmod:teacup_pig":2,"undead_revamp2:sucker":1,"earthmobsmod:albino_cow":3,"born_in_chaos_v1:baby_skeleton":2,"undead_revamp2:the_moonflower":2,"enemyexpansion:sprinter":1,"minecraft:ravager":9,"undead_revamp2:thesomnolence":1,"iceandfire:ghost":1,"enemyexpansion:huntsman":1,"enemyexpansion:slugger":1},"minecraft:used":{"minecraft:spruce_slab":2,"minecraft:shield":192,"luminousworld:savannah_ground":7,"minecraft:iron_chestplate":1,"minecraft:oxidized_cut_copper":15,"minecraft:jungle_planks":35,"ironchest:iron_chest":5,"minecraft:honey_block":1,"minecraft:birch_sapling":9,"minecraft:packed_mud":5,"minecraft:iron_helmet":1,"minecraft:dark_oak_slab":1,"minecraft:scaffolding":1,"minecraft:furnace":2,"minecraft:potato":20,"naturalist:cooked_egg":1,"minecraft:stone_pickaxe":24,"minecraft:wooden_pickaxe":3,"minecraft:diamond_axe":63,"luminousworld:yellowpetunias":1,"minecraft:glow_berries":11,"minecraft:blast_furnace":2,"luminousworld:creepberries":9,"iceandfire:dragonbone_sword":173,"minecraft:cyan_bed":1,"minecraft:bread":28,"tombstone:grave_key":8,"minecraft:diamond_sword":272,"minecraft:stone_sword":2,"minecraft:stone_shovel":4,"quark:jungle_chest":2,"minecraft:torch":20,"minecraft:dirt":15,"minecraft:diamond_helmet":1,"minecraft:raw_iron_block":1,"minecraft:oak_fence_gate":1,"minecraft:iron_boots":1,"minecraft:mud_bricks":16,"minecraft:golden_carrot":4,"ironchest:gold_chest":2,"tombstone:gift":4,"torchmaster:megatorch":1,"minecraft:wheat_seeds":8,"minecraft:water_bucket":1,"alexsmobs:cooked_catfish":1,"minecraft:waxed_oxidized_cut_copper":2,"luminousworld:white_petunias":2,"minecraft:dark_prismarine_slab":1,"minecraft:crafting_table":4,"minecraft:white_bed":1,"minecraft:smoker":1,"minecraft:oak_log":2,"minecraft:diamond_pickaxe":168,"minecraft:diamond_shovel":61,"minecraft:stone_axe":23,"minecraft:cobblestone":4,"minecraft:cooked_porkchop":3,"minecraft:jungle_door":2,"minecraft:bucket":2,"minecraft:yellow_bed":2,"minecraft:splash_potion":7,"minecraft:diamond_leggings":1},"minecraft:custom":{"minecraft:interact_with_crafting_table":45,"minecraft:open_barrel":8,"minecraft:eat_cake_slice":4,"minecraft:time_since_death":11374,"minecraft:sprint_one_cm":540824,"minecraft:damage_blocked_by_shield":1678,"minecraft:drop":133,"minecraft:talked_to_villager":3,"minecraft:play_time":160981,"minecraft:deaths":19,"minecraft:jump":2330,"minecraft:walk_on_water_one_cm":25911,"minecraft:interact_with_furnace":13,"minecraft:sleep_in_bed":3,"minecraft:damage_dealt":18777,"minecraft:crouch_one_cm":2768,"tombstone:undead_killed":33,"minecraft:interact_with_smoker":16,"minecraft:inspect_dispenser":1,"minecraft:mob_kills":94,"minecraft:interact_with_anvil":5,"minecraft:inspect_hopper":1,"minecraft:damage_dealt_resisted":1665,"minecraft:climb_one_cm":11372,"minecraft:walk_one_cm":405580,"minecraft:sneak_time":753,"minecraft:walk_under_water_one_cm":7290,"minecraft:interact_with_blast_furnace":22,"minecraft:total_world_time":160981,"tombstone:raider_killed":9,"minecraft:time_since_rest":10965,"minecraft:damage_taken":8624,"minecraft:swim_one_cm":21764,"minecraft:fly_one_cm":390334,"minecraft:open_chest":163,"minecraft:fall_one_cm":85394},"minecraft:mined":{"luminousworld:white_petunias":2,"minecraft:dark_oak_planks":2,"luminousworld:yellowpetunias":1,"minecraft:black_terracotta":1,"minecraft:jungle_leaves":1,"minecraft:granite":2,"minecraft:grass_block":13,"minecraft:jungle_log":21,"minecraft:coal_block":16,"minecraft:mud_bricks":1,"minecraft:hopper":1,"luminousworld:savanna_grass_2":1,"minecraft:spawner":3,"minecraft:iron_ore":11,"minecraft:anvil":1,"minecraft:oak_stairs":2,"minecraft:iron_block":1,"luminousworld:creepbush":9,"minecraft:blast_furnace":3,"iceandfire:ghost_chest":2,"minecraft:cobblestone":10,"minecraft:slime_block":3,"minecraft:cyan_bed":1,"minecraft:sugar_cane":1,"minecraft:wall_torch":4,"luminousworld:clovers_1":1,"minecraft:wheat":37,"minecraft:grass":25,"minecraft:oak_log":3,"minecraft:dirt":9,"minecraft:sand":50,"luminousworld:grassvariant_3":3,"minecraft:dark_prismarine":3,"luminousworld:grassvariant_4":17,"alexsmobs:leafcutter_ant_chamber":1,"luminousworld:grassvariant_2":17,"minecraft:hay_block":17,"minecraft:waxed_oxidized_cut_copper":3,"minecraft:packed_mud":4,"minecraft:furnace":2,"minecraft:acacia_trapdoor":4,"minecraft:bookshelf":21,"minecraft:vine":1,"ironchest:iron_chest":5,"minecraft:stone":56,"iceandfire:podium_spruce":1,"minecraft:smithing_table":1,"minecraft:oak_fence":2,"minecraft:crafting_table":3,"minecraft:honey_block":1,"luminousworld:auburnlog":6,"minecraft:lightning_rod":1,"minecraft:tall_grass":5,"minecraft:deepslate_gold_ore":4,"minecraft:spruce_stairs":3,"luminousworld:whiteoaklog":1,"minecraft:yellow_bed":2,"minecraft:coal_ore":53,"luminousworld:clovers_5":1,"minecraft:cocoa":3,"minecraft:cobweb":13,"minecraft:stone_bricks":4,"minecraft:fern":2,"minecraft:waxed_exposed_cut_copper":2},"minecraft:picked_up":{"minecraft:iron_chestplate":2,"minecraft:wheat":17,"minecraft:chainmail_boots":2,"illagerinvasion:platinum_chunk":11,"minecraft:anvil":2,"minecraft:smithing_table":1,"minecraft:oak_stairs":2,"minecraft:enchanted_book":1,"minecraft:birch_button":3,"minecraft:string":22,"minecraft:dark_oak_trapdoor":4,"minecraft:gold_nugget":3,"minecraft:bucket":1,"minecraft:waxed_exposed_cut_copper":4,"minecraft:coal_block":16,"minecraft:iron_boots":1,"minecraft:furnace":2,"iceandfire:ghost_chest":1,"minecraft:stick":7,"luminousworld:auburnlog":6,"minecraft:torch":4,"minecraft:spruce_stairs":3,"minecraft:porkchop":24,"minecraft:lightning_rod":1,"tombstone:grave_dust":9,"minecraft:goat_horn":1,"minecraft:brown_carpet":3,"minecraft:waxed_cut_copper_stairs":3,"minecraft:stone_sword":3,"minecraft:cactus":2,"minecraft:rotten_flesh":49,"minecraft:iron_block":1,"minecraft:glowstone":1,"supplementaries:ash":1,"minecraft:waxed_cut_copper":16,"minecraft:cobblestone":60,"minecraft:birch_log":9,"luminousworld:savannah_ground":7,"minecraft:jungle_log":21,"minecraft:lapis_lazuli":1,"minecraft:dirt":38,"minecraft:lantern":3,"born_in_chaos_v1:monster_skin":1,"minecraft:bone":44,"undead_revamp2:blacpetalblock":1,"minecraft:wheat_seeds":66,"minecraft:raw_gold":4,"minecraft:diamond_helmet":1,"minecraft:black_terracotta":3,"minecraft:red_sandstone_wall":6,"iceandfire:podium_spruce":1,"luminousworld:creepberries":9,"minecraft:stripped_acacia_wood":5,"minecraft:jungle_planks":32,"minecraft:sand":50,"minecraft:diamond_block":4,"minecraft:cyan_bed":1,"naturalist:duck_egg":2,"undead_revamp2:heavytooth":1,"minecraft:dark_prismarine":3,"minecraft:bundle":2,"minecraft:dark_prismarine_slab":1,"minecraft:diamond":10,"minecraft:slime_block":3,"luminousworld:yellowpetunias":3,"minecraft:lever":2,"minecraft:polished_blackstone_button":3,"minecraft:granite":5,"minecraft:chainmail_helmet":1,"minecraft:bread":2,"minecraft:emerald":1,"minecraft:oak_sapling":3,"minecraft:crafting_table":3,"minecraft:cocoa_beans":12,"minecraft:waxed_oxidized_cut_copper":6,"minecraft:splash_potion":8,"minecraft:ladder":2,"born_in_chaos_v1:seedof_chaos":1,"minecraft:wooden_pickaxe":2,"minecraft:gold_block":1,"alexsmobs:cooked_catfish":1,"minecraft:iron_axe":1,"minecraft:netherite_scrap":14,"minecraft:item_frame":4,"takesapillage:ravager_horn":22,"iceandfire:graveyard_soil":5,"iceandfire:bestiary":1,"minecraft:beef":22,"born_in_chaos_v1:gnawed_bones":1,"minecraft:poppy":2,"minecraft:jungle_sapling":1,"minecraft:spruce_slab":6,"minecraft:sugar_cane":3,"minecraft:birch_sapling":9,"minecraft:copper_ore":2,"minecraft:raw_iron":11,"ecologics:coconut_slice":2,"minecraft:glow_item_frame":2,"minecraft:note_block":4,"ironchest:iron_chest":5,"minecraft:dark_oak_planks":2,"iceandfire:silver_ingot":3,"minecraft:arrow":22,"minecraft:hay_block":17,"minecraft:gold_ingot":11,"minecraft:glow_berries":4,"minecraft:mutton":4,"minecraft:white_wool":4,"born_in_chaos_v1:corpse_maggot":6,"minecraft:mud_bricks":42,"minecraft:golden_carrot":14,"minecraft:leather":7,"minecraft:packed_mud":15,"minecraft:oak_log":4,"minecraft:chainmail_chestplate":1,"iceandfire:ectoplasm":3,"minecraft:yellow_bed":2,"minecraft:gunpowder":9,"minecraft:red_carpet":4,"minecraft:stone_bricks":4,"minecraft:apple":3,"minecraft:gray_carpet":14,"minecraft:acacia_trapdoor":1,"minecraft:iron_ingot":8,"minecraft:stone_pickaxe":3,"minecraft:glass_bottle":3,"luminousworld:white_petunias":2,"minecraft:oxidized_cut_copper":1,"minecraft:dark_oak_stairs":8,"minecraft:book":63,"minecraft:scaffolding":2,"minecraft:emerald_block":8,"minecraft:dark_oak_slab":1,"luminousworld:clovers_1":4,"minecraft:raw_iron_block":23,"minecraft:spruce_sapling":1,"minecraft:mud_brick_wall":16,"minecraft:blast_furnace":3,"minecraft:dark_oak_fence_gate":2,"luminousworld:whiteoaklog":1,"minecraft:honey_block":3,"minecraft:iron_helmet":2,"tombstone:magic_scroll":1,"minecraft:hopper":1,"minecraft:coal":75,"minecraft:ender_pearl":1}},"DataVersion":3465}