{"stats":{"minecraft:used":{"minecraft:spruce_slab":2,"minecraft:shield":216,"luminousworld:savannah_ground":7,"minecraft:iron_chestplate":1,"minecraft:oxidized_cut_copper":15,"minecraft:jungle_planks":35,"ironchest:iron_chest":5,"luminousworld:red_patterned_ish_bricks":8,"minecraft:honey_block":1,"minecraft:lantern":18,"luminousworld:blue_patterned_ish_bricks":4,"minecraft:grass_block":5,"minecraft:birch_sapling":9,"minecraft:packed_mud":6,"minecraft:iron_helmet":1,"minecraft:dark_oak_slab":1,"minecraft:item_frame":3,"minecraft:scaffolding":1,"supplementaries:ash":1,"minecraft:furnace":2,"minecraft:potato":20,"naturalist:cooked_egg":1,"minecraft:stone_pickaxe":24,"luminousworld:blueishbrick":4,"minecraft:wooden_pickaxe":3,"minecraft:diamond_axe":99,"luminousworld:yellowpetunias":1,"minecraft:golden_apple":1,"minecraft:glow_berries":13,"minecraft:blast_furnace":2,"luminousworld:creepberries":9,"iceandfire:dragonbone_sword":413,"minecraft:melon_slice":23,"minecraft:bread":76,"minecraft:cyan_bed":1,"tombstone:grave_key":10,"minecraft:diamond_sword":272,"minecraft:stone_sword":2,"minecraft:stone_shovel":4,"quark:jungle_chest":2,"luminousworld:black_ish_brick":9,"twilightforest:castle_brick":1018,"minecraft:torch":21,"minecraft:dirt":578,"minecraft:raw_iron_block":1,"minecraft:diamond_helmet":1,"minecraft:oak_fence_gate":1,"luminousworld:dec_red_ish_brick":9,"luminousworld:dec_l_bishbrick":8,"minecraft:iron_boots":1,"minecraft:totem_of_undying":1,"minecraft:mud_bricks":16,"minecraft:golden_carrot":4,"minecraft:black_stained_glass":770,"ironchest:gold_chest":2,"tombstone:gift":8,"torchmaster:megatorch":2,"minecraft:wheat_seeds":8,"alexsmobs:cooked_catfish":1,"minecraft:water_bucket":64,"minecraft:waxed_oxidized_cut_copper":2,"aether:holystone_bricks":4,"luminousworld:black_patterned_ish_bricks":10,"luminousworld:dec_blue_ish_brick":4,"minecraft:dark_prismarine_slab":1,"luminousworld:white_petunias":2,"minecraft:crafting_table":4,"luminousworld:lightblueishbrick":8,"minecraft:white_bed":1,"luminousworld:redishbrick":9,"minecraft:smoker":1,"minecraft:oak_log":2,"minecraft:diamond_pickaxe":544,"minecraft:diamond_shovel":803,"quark:blossom_door":4,"tombstone:magic_scroll":2,"minecraft:stone_axe":23,"luminousworld:light_blue_patterned_ish_bricks":8,"minecraft:cobblestone":4,"luminousworld:dec_black_ish_brick":8,"minecraft:cooked_porkchop":6,"minecraft:jungle_door":2,"minecraft:bucket":65,"minecraft:yellow_bed":3,"quark:oak_chest":1,"minecraft:diamond_leggings":1,"minecraft:splash_potion":7},"minecraft:custom":{"minecraft:interact_with_crafting_table":62,"minecraft:open_barrel":13,"minecraft:eat_cake_slice":4,"minecraft:leave_game":5,"minecraft:time_since_death":21050,"minecraft:sprint_one_cm":1082189,"minecraft:damage_blocked_by_shield":2983,"minecraft:drop":169,"minecraft:talked_to_villager":3,"minecraft:play_time":546457,"minecraft:deaths":33,"minecraft:jump":4718,"minecraft:walk_on_water_one_cm":58307,"minecraft:interact_with_furnace":21,"minecraft:sleep_in_bed":7,"minecraft:open_enderchest":1,"minecraft:damage_dealt":33021,"minecraft:player_kills":1,"minecraft:crouch_one_cm":28605,"tombstone:undead_killed":85,"minecraft:interact_with_smoker":22,"minecraft:inspect_dispenser":1,"minecraft:interact_with_anvil":8,"minecraft:mob_kills":174,"minecraft:inspect_hopper":1,"minecraft:damage_dealt_resisted":1665,"minecraft:climb_one_cm":12140,"minecraft:walk_one_cm":1006359,"minecraft:sneak_time":10883,"minecraft:walk_under_water_one_cm":20722,"minecraft:interact_with_blast_furnace":55,"minecraft:total_world_time":546457,"tombstone:raider_killed":26,"minecraft:time_since_rest":20894,"minecraft:damage_taken":15115,"minecraft:damage_absorbed":50,"minecraft:trigger_trapped_chest":1,"minecraft:swim_one_cm":54968,"minecraft:fly_one_cm":1025027,"minecraft:open_chest":433,"minecraft:fall_one_cm":135764},"minecraft:crafted":{"minecraft:oak_planks":20,"quark:birch_chest":3,"born_in_chaos_v1:death_totem":1,"minecraft:diamond_shovel":2,"minecraft:cooked_mutton":4,"minecraft:glass":50,"minecraft:diamond_leggings":2,"minecraft:iron_boots":2,"aether:diamond_gloves":1,"minecraft:smoker":1,"torchmaster:megatorch":1,"minecraft:item_frame":3,"sophisticatedbackpacks:backpack":2,"quark:blossom_planks":8,"minecraft:cooked_porkchop":22,"minecraft:diamond_axe":1,"minecraft:crafting_table":2,"minecraft:wooden_pickaxe":1,"minecraft:copper_ingot":44,"minecraft:gold_block":2,"minecraft:birch_planks":96,"minecraft:iron_chestplate":2,"minecraft:diamond_pickaxe":2,"minecraft:shield":2,"quark:oak_chest":1,"minecraft:stick":60,"minecraft:iron_ingot":220,"minecraft:stone_sword":1,"minecraft:gold_ingot":69,"quark:blossom_door":3,"naturalist:cooked_egg":1,"minecraft:raw_iron":18,"minecraft:coal":144,"minecraft:stone_shovel":1,"minecraft:iron_nugget":207,"quark:jungle_chest":2,"minecraft:furnace":1,"born_in_chaos_v1:smoked_monster_flesh":11,"minecraft:lantern":17,"luminousworld:white_oak_plank":4,"minecraft:stone_pickaxe":1,"minecraft:diamond_boots":1,"minecraft:wheat":216,"sophisticatedbackpacks:iron_backpack":2,"minecraft:cooked_beef":22,"ironchest:gold_chest":2,"iceandfire:dragonbone_sword":1,"minecraft:diamond_sword":2,"iceandfire:silver_ingot":17,"sophisticatedbackpacks:gold_backpack":1,"minecraft:stone_axe":1,"minecraft:bread":114,"minecraft:air":0,"minecraft:jungle_planks":84,"minecraft:oak_fence_gate":1,"minecraft:jungle_door":3,"minecraft:white_wool":3,"minecraft:white_bed":1,"minecraft:torch":36,"minecraft:diamond_chestplate":1,"ironchest:iron_chest":2},"minecraft:picked_up":{"minecraft:iron_chestplate":2,"minecraft:wheat":17,"illagerinvasion:platinum_chunk":11,"minecraft:chainmail_boots":2,"minecraft:anvil":3,"minecraft:smithing_table":1,"minecraft:oak_stairs":2,"minecraft:enchanted_book":1,"minecraft:birch_button":3,"minecraft:string":26,"minecraft:dark_oak_trapdoor":4,"quark:blossom_door":2,"minecraft:gold_nugget":3,"minecraft:cobbled_deepslate":65,"minecraft:bucket":1,"minecraft:waxed_exposed_cut_copper":4,"quark:black_shard":38,"minecraft:melon_slice":45,"minecraft:coal_block":16,"minecraft:iron_boots":1,"minecraft:furnace":2,"minecraft:stick":7,"iceandfire:ghost_chest":1,"luminousworld:auburnlog":6,"minecraft:torch":8,"minecraft:spruce_stairs":3,"minecraft:porkchop":24,"minecraft:lightning_rod":1,"minecraft:cherry_log":1,"tombstone:grave_dust":16,"minecraft:goat_horn":1,"minecraft:brown_carpet":3,"minecraft:waxed_cut_copper_stairs":3,"quark:ancient_tome":1,"luminousworld:grassflowers":9,"minecraft:stone_sword":3,"minecraft:cactus":2,"minecraft:rotten_flesh":94,"luminousworld:yellow_grassflowers":4,"minecraft:vex_armor_trim_smithing_template":2,"minecraft:iron_block":1,"minecraft:glowstone":1,"supplementaries:ash":8,"minecraft:waxed_cut_copper":16,"minecraft:obsidian":23,"undead_revamp2:arapholia":3,"minecraft:cobblestone":106,"minecraft:birch_log":9,"luminousworld:savannah_ground":7,"minecraft:jungle_log":21,"artifacts:thorn_pendant":1,"minecraft:potato":35,"minecraft:tuff":51,"minecraft:lapis_lazuli":82,"minecraft:dirt":747,"minecraft:lantern":3,"born_in_chaos_v1:monster_skin":2,"minecraft:bone":53,"undead_revamp2:blacpetalblock":2,"minecraft:wheat_seeds":80,"minecraft:raw_gold":8,"minecraft:diamond_helmet":1,"minecraft:black_terracotta":3,"minecraft:red_sandstone_wall":6,"artifacts:rooted_boots":1,"iceandfire:podium_spruce":1,"luminousworld:creepberries":9,"minecraft:stripped_acacia_wood":5,"earthmobsmod:harder_flesh":2,"torchmaster:megatorch":1,"minecraft:sand":50,"minecraft:jungle_planks":32,"minecraft:cyan_bed":1,"minecraft:diamond_block":4,"minecraft:dark_oak_log":31,"naturalist:duck_egg":2,"undead_revamp2:heavytooth":1,"minecraft:dark_prismarine":3,"minecraft:bundle":3,"minecraft:dark_prismarine_slab":1,"minecraft:polished_andesite":2,"minecraft:diamond":58,"minecraft:slime_block":3,"luminousworld:yellowpetunias":3,"minecraft:lever":2,"minecraft:polished_blackstone_button":3,"minecraft:granite":5,"minecraft:golden_apple":1,"minecraft:emerald":10,"minecraft:chainmail_helmet":1,"minecraft:bread":3,"minecraft:oak_sapling":3,"minecraft:cocoa_beans":12,"luminousworld:groundpebbles_1":6,"minecraft:waxed_oxidized_cut_copper":6,"minecraft:crafting_table":3,"minecraft:azure_bluet":1,"minecraft:ladder":2,"minecraft:splash_potion":8,"iceandfire:witherbone":1,"born_in_chaos_v1:river_mint":6,"born_in_chaos_v1:seedof_chaos":1,"minecraft:brown_mushroom":4,"minecraft:wooden_pickaxe":2,"minecraft:gold_block":6,"minecraft:cornflower":1,"alexsmobs:cooked_catfish":1,"minecraft:iron_axe":2,"minecraft:white_carpet":24,"minecraft:netherite_scrap":26,"minecraft:item_frame":4,"takesapillage:ravager_horn":22,"iceandfire:graveyard_soil":5,"iceandfire:bestiary":1,"minecraft:beef":22,"born_in_chaos_v1:gnawed_bones":1,"minecraft:jungle_sapling":1,"minecraft:iron_nugget":36,"minecraft:poppy":5,"minecraft:spruce_slab":6,"minecraft:sugar_cane":3,"minecraft:birch_sapling":9,"minecraft:copper_ore":2,"minecraft:raw_iron":140,"ecologics:coconut_slice":2,"minecraft:glow_item_frame":2,"minecraft:copper_ingot":1,"minecraft:note_block":4,"ironchest:iron_chest":5,"minecraft:cake":1,"minecraft:carrot":1,"minecraft:redstone":123,"illagerinvasion:primal_essence":1,"minecraft:dark_oak_planks":6,"iceandfire:silver_ingot":3,"minecraft:arrow":33,"minecraft:hay_block":17,"tombstone:essence_of_undeath":1,"minecraft:gold_ingot":31,"minecraft:totem_of_undying":2,"minecraft:glow_berries":5,"minecraft:mutton":5,"minecraft:white_wool":5,"minecraft:oxeye_daisy":3,"born_in_chaos_v1:corpse_maggot":6,"minecraft:mud_bricks":42,"born_in_chaos_v1:monster_flesh":1,"minecraft:golden_carrot":14,"minecraft:leather":7,"minecraft:red_mushroom":1,"minecraft:filled_map":1,"minecraft:birch_planks":2,"minecraft:packed_mud":16,"minecraft:oak_log":4,"minecraft:chainmail_chestplate":1,"iceandfire:ectoplasm":3,"minecraft:yellow_bed":3,"minecraft:gunpowder":9,"minecraft:cobblestone_stairs":1,"minecraft:paper":9,"minecraft:red_carpet":49,"minecraft:stone_bricks":6,"minecraft:apple":3,"minecraft:gray_carpet":14,"minecraft:acacia_trapdoor":1,"minecraft:iron_ingot":221,"minecraft:stone_pickaxe":3,"minecraft:glass_bottle":5,"luminousworld:white_petunias":8,"minecraft:iron_sword":1,"minecraft:oxidized_cut_copper":1,"minecraft:dark_oak_stairs":8,"minecraft:book":65,"minecraft:scaffolding":2,"born_in_chaos_v1:death_totem":1,"minecraft:dark_oak_slab":1,"luminousworld:clovers_1":4,"minecraft:emerald_block":8,"minecraft:chiseled_stone_bricks":2,"iceandfire:dragonbone_sword":1,"born_in_chaos_v1:ethereal_spirit":4,"minecraft:dandelion":13,"minecraft:dripstone_block":1,"minecraft:raw_iron_block":25,"luminousworld:sunset_petunias":3,"minecraft:spruce_sapling":1,"minecraft:mud_brick_wall":16,"minecraft:blast_furnace":3,"minecraft:dark_oak_fence_gate":2,"minecraft:spider_eye":1,"luminousworld:whiteoaklog":1,"minecraft:stone_axe":2,"minecraft:honey_block":3,"minecraft:diamond_axe":1,"minecraft:iron_helmet":2,"twilightforest:castle_brick":4,"tombstone:magic_scroll":2,"minecraft:hopper":1,"minecraft:coal":75,"minecraft:ender_pearl":1},"minecraft:mined":{"luminousworld:white_petunias":5,"minecraft:dark_oak_planks":2,"luminousworld:yellowpetunias":1,"minecraft:black_terracotta":1,"minecraft:cobblestone_stairs":1,"minecraft:jungle_leaves":1,"minecraft:obsidian":16,"minecraft:granite":2,"minecraft:grass_block":324,"minecraft:jungle_log":21,"minecraft:coal_block":16,"minecraft:mud_bricks":1,"minecraft:hopper":1,"luminousworld:savanna_grass_2":1,"minecraft:spawner":4,"minecraft:raw_iron_block":2,"minecraft:iron_ore":11,"minecraft:cobbled_deepslate":3,"minecraft:fire":12,"minecraft:anvil":1,"minecraft:deepslate_lapis_ore":17,"minecraft:oak_stairs":2,"minecraft:iron_block":1,"luminousworld:creepbush":9,"minecraft:deepslate_redstone_ore":28,"twilightforest:castle_brick":3,"minecraft:blast_furnace":3,"iceandfire:ghost_chest":2,"minecraft:cobblestone":16,"minecraft:slime_block":3,"minecraft:cyan_bed":1,"minecraft:sugar_cane":1,"placeablesmod:bread_full_block":2,"minecraft:wall_torch":5,"luminousworld:clovers_1":1,"minecraft:wheat":38,"born_in_chaos_v1:river_mint":1,"minecraft:grass":46,"minecraft:oak_log":3,"minecraft:dirt":413,"minecraft:sand":50,"luminousworld:grassvariant_3":9,"minecraft:deepslate":62,"minecraft:dark_prismarine":3,"minecraft:tuff":52,"minecraft:dark_oak_leaves":1,"luminousworld:grassvariant_4":17,"minecraft:deepslate_diamond_ore":10,"minecraft:dark_oak_log":33,"torchmaster:megatorch":1,"alexsmobs:leafcutter_ant_chamber":1,"luminousworld:grassvariant_2":28,"luminousworld:groundpebbles_3":1,"minecraft:hay_block":17,"minecraft:packed_mud":4,"minecraft:waxed_oxidized_cut_copper":3,"minecraft:furnace":2,"minecraft:acacia_trapdoor":4,"minecraft:bookshelf":21,"minecraft:potatoes":19,"minecraft:deepslate_iron_ore":129,"minecraft:vine":1,"ironchest:iron_chest":5,"minecraft:stone":91,"iceandfire:podium_spruce":1,"minecraft:ender_chest":1,"minecraft:smithing_table":1,"minecraft:oak_fence":2,"minecraft:crafting_table":3,"minecraft:honey_block":1,"luminousworld:auburnlog":6,"luminousworld:grassflowers":2,"minecraft:lightning_rod":1,"minecraft:tall_grass":5,"minecraft:deepslate_gold_ore":8,"minecraft:spruce_stairs":3,"supplementaries:urn":2,"luminousworld:whiteoaklog":1,"minecraft:black_stained_glass":11,"minecraft:yellow_bed":3,"minecraft:coal_ore":53,"luminousworld:clovers_5":1,"minecraft:cocoa":3,"minecraft:cobweb":18,"minecraft:polished_andesite":2,"minecraft:stone_bricks":6,"minecraft:waxed_exposed_cut_copper":2,"minecraft:fern":2},"minecraft:dropped":{"sophisticatedbackpacks:iron_backpack":1,"minecraft:dark_oak_stairs":7,"luminousworld:yellowpetunias":1,"minecraft:oak_log":2,"minecraft:jungle_planks":30,"minecraft:red_sandstone_wall":2,"iceandfire:graveyard_soil":5,"minecraft:red_carpet":4,"minecraft:item_frame":2,"minecraft:packed_mud":5,"minecraft:dirt":67,"minecraft:dark_oak_trapdoor":3,"minecraft:cut_copper":2,"born_in_chaos_v1:death_totem":1,"quark:ancient_tome":1,"minecraft:note_block":2,"minecraft:stone_axe":2,"minecraft:waxed_cut_copper_stairs":1,"undead_revamp2:arapholia":1,"minecraft:black_terracotta":1,"minecraft:rotten_flesh":17,"minecraft:diamond_shovel":1,"minecraft:dark_oak_fence_gate":1,"illagerinvasion:primal_essence":1,"supplementaries:ash":6,"luminousworld:grassflowers":9,"iceandfire:ghost_chest":1,"minecraft:honey_block":1,"born_in_chaos_v1:corpse_maggot":2,"minecraft:birch_button":2,"minecraft:arrow":2,"minecraft:scaffolding":1,"minecraft:bread":51,"minecraft:oxidized_cut_copper":1,"minecraft:diamond_leggings":1,"minecraft:cobblestone":8,"minecraft:granite":3,"minecraft:chainmail_helmet":2,"minecraft:polished_blackstone_button":1,"minecraft:stick":1,"minecraft:polished_andesite":2,"luminousworld:black_patterned_ish_bricks":128,"minecraft:mud_brick_wall":11,"minecraft:golden_carrot":3,"minecraft:oak_stairs":2,"minecraft:string":1,"minecraft:gray_carpet":12,"minecraft:stone_sword":1,"minecraft:iron_boots":1,"minecraft:stripped_acacia_wood":4,"minecraft:waxed_exposed_cut_copper":1,"luminousworld:yellow_grassflowers":4,"minecraft:copper_ore":1,"minecraft:diamond_sword":1,"takesapillage:ravager_horn":20,"minecraft:mud_bricks":18,"minecraft:waxed_cut_copper":9,"minecraft:iron_chestplate":1,"minecraft:diamond_pickaxe":1,"minecraft:oak_sapling":1,"minecraft:waxed_oxidized_cut_copper":1,"tombstone:essence_of_undeath":1,"minecraft:stone_bricks":2,"minecraft:brown_carpet":1,"minecraft:stone_pickaxe":2,"minecraft:wooden_pickaxe":1},"minecraft:killed":{"illagerinvasion:archivist":5,"born_in_chaos_v1:restless_spirit":2,"minecraft:spider":3,"iceandfire:stymphalian_bird":1,"born_in_chaos_v1:baby_skeleton_minion":2,"illagerinvasion:basher":5,"minecraft:skeleton":12,"luminousworld:dark_oak_skeleton":4,"alexsmobs:leafcutter_ant":2,"illagerinvasion:provoker":1,"born_in_chaos_v1:bonescaller":1,"minecraft:pig":9,"earthmobsmod:lobber_zombie":3,"undead_revamp2:theheavy":1,"illagerinvasion:alchemist":1,"minecraft:creeper":2,"minecraft:sheep":5,"minecraft:zombie":25,"born_in_chaos_v1:dread_hound":1,"born_in_chaos_v1:corpse_fly":4,"enemyexpansion:botfly":3,"born_in_chaos_v1:door_knight":1,"luminousworld:dark_oak_zombie":4,"minecraft:cow":8,"minecraft:evoker":1,"undead_revamp2:thehunter":1,"undead_revamp2:theimmortal":2,"undead_revamp2:thegliter":2,"minecraft:vindicator":3,"illagerinvasion:marauder":1,"enemyexpansion:direwolf":5,"born_in_chaos_v1:maggot":6,"earthmobsmod:teacup_pig":2,"undead_revamp2:sucker":2,"earthmobsmod:albino_cow":3,"earthmobsmod:bouldering_zombie":1,"born_in_chaos_v1:baby_skeleton":2,"undead_revamp2:the_moonflower":5,"enemyexpansion:sprinter":2,"minecraft:ravager":9,"undead_revamp2:thesomnolence":2,"iceandfire:ghost":1,"enemyexpansion:huntsman":1,"illagerinvasion:surrendered":12,"enemyexpansion:slugger":1},"minecraft:killed_by":{"minecraft:evoker":1,"undead_revamp2:the_moonflower":1,"minecraft:ravager":6,"minecraft:zombie":9,"minecraft:player":2,"minecraft:enderman":1,"illagerinvasion:invoker":2,"minecraft:skeleton":4,"iceandfire:troll":1,"born_in_chaos_v1:maggot":1}},"DataVersion":3465}