{"stats":{"minecraft:picked_up":{"minecraft:rotten_flesh":1},"minecraft:mined":{"minecraft:oak_leaves":1},"minecraft:dropped":{"minecraft:rotten_flesh":1},"minecraft:killed":{"minecraft:zombie":1},"minecraft:custom":{"minecraft:jump":31,"minecraft:time_since_rest":3305,"minecraft:damage_dealt":192,"minecraft:leave_game":1,"minecraft:sprint_one_cm":2468,"minecraft:play_time":3305,"minecraft:damage_taken":25,"minecraft:time_since_death":3305,"minecraft:walk_one_cm":2888,"minecraft:total_world_time":3305,"minecraft:mob_kills":1,"minecraft:drop":1,"minecraft:fall_one_cm":629,"minecraft:fly_one_cm":2798}},"DataVersion":3465}