{"stats":{"minecraft:used":{"minecraft:spruce_slab":2,"minecraft:stone":97,"ironchest:iron_chest":5,"minecraft:spruce_boat":1,"minecraft:honey_block":1,"luminousworld:blue_patterned_ish_bricks":4,"minecraft:grass_block":39,"minecraft:birch_sapling":9,"quark:ancient_bookshelf":47,"stalwart_dungeons:spore_vaporizer":1,"minecraft:dark_oak_slab":1,"ad_astra:oxygen_loader":1,"minecraft:bow":36,"supplementaries:ash":1,"minecraft:furnace":2,"minecraft:potato":20,"luminousworld:blueishbrick":4,"minecraft:blackstone_stairs":2,"minecraft:blackstone":1,"iceandfire:dragonbone_sword_ice":1495,"minecraft:wooden_pickaxe":3,"elevatorid:elevator_white":1,"minecraft:golden_apple":3,"minecraft:glow_berries":13,"minecraft:blast_furnace":2,"securitycraft:universal_block_remover":1,"minecraft:deepslate_brick_stairs":5,"ad_astra:launch_pad":1,"minecraft:diamond_sword":272,"ad_astra:cable_duct":1,"minecraft:smithing_table":1,"ad_astra:fuel_refinery":1,"minecraft:stone_sword":2,"minecraft:enchanting_table":1,"luminousworld:black_ish_brick":9,"minecraft:netherrack":180,"minecraft:torch":29,"minecraft:anvil":3,"minecraft:oak_fence_gate":1,"luminousworld:dec_l_bishbrick":8,"tombstone:dark_marble_stairs":1,"minecraft:totem_of_undying":1,"minecraft:mud_bricks":16,"undead_revamp2:huntereye":1,"tombstone:gift":8,"torchmaster:megatorch":2,"minecraft:wheat_seeds":8,"alexsmobs:cooked_catfish":1,"minecraft:water_bucket":68,"minecraft:waxed_oxidized_cut_copper":2,"minecraft:polished_blackstone_bricks":21,"born_in_chaos_v1:black_argillite_brick_stairs":1,"luminousworld:black_patterned_ish_bricks":723,"born_in_chaos_v1:black_argillite_stairs":1,"minecraft:crafting_table":8,"luminousworld:lightblueishbrick":8,"minecraft:white_bed":1,"minecraft:oak_log":2,"ad_astra:nasa_workbench":3,"minecraft:diamond_pickaxe":1879,"minecraft:diamond_shovel":1108,"tombstone:magic_scroll":5,"minecraft:crimson_nylium":2,"luminousworld:light_blue_patterned_ish_bricks":8,"minecraft:enchanted_book":1,"minecraft:cobblestone":27,"minecraft:cooked_porkchop":23,"quark:oak_chest":1,"minecraft:diamond_leggings":1,"elevatorid:elevator_gray":1,"minecraft:shield":312,"minecraft:iron_sword":28,"luminousworld:savannah_ground":7,"minecraft:iron_chestplate":1,"minecraft:oxidized_cut_copper":15,"quark:ancient_log":198,"minecraft:jungle_planks":35,"minecraft:nether_bricks":62,"iceandfire:chain":1,"minecraft:obsidian":21,"luminousworld:red_patterned_ish_bricks":8,"minecraft:lantern":38,"minecraft:packed_mud":6,"minecraft:iron_helmet":1,"minecraft:item_frame":20,"tombstone:decorative_grave_normal":2,"minecraft:scaffolding":1,"minecraft:written_book":1,"minecraft:polished_blackstone_stairs":2,"quark:dark_oak_ladder":8,"ad_astra:etrionic_blast_furnace":2,"minecraft:stone_pickaxe":24,"naturalist:cooked_egg":1,"quark:ancient_chest":18,"ad_astra:compressor":4,"ad_astra:steel_cable":3,"minecraft:diamond_axe":177,"luminousworld:yellowpetunias":1,"minecraft:cobbled_deepslate_stairs":2,"luminousworld:creepberries":9,"iceandfire:dragonbone_sword":609,"minecraft:dark_oak_log":1,"minecraft:melon_slice":23,"minecraft:bread":196,"minecraft:cyan_bed":1,"tombstone:grave_key":20,"minecraft:flint_and_steel":1,"minecraft:stone_shovel":4,"quark:jungle_chest":2,"minecraft:spruce_planks":13,"twilightforest:castle_brick":1204,"minecraft:dirt":581,"minecraft:diamond_helmet":1,"securitycraft:reinforced_stone":3,"minecraft:raw_iron_block":1,"minecraft:iron_hoe":38,"minecraft:dark_oak_planks":55,"luminousworld:dec_red_ish_brick":9,"iceandfire:dragon_bone_wall":1,"minecraft:iron_boots":1,"minecraft:crimson_planks":4,"minecraft:golden_carrot":12,"minecraft:black_stained_glass":988,"minecraft:deepslate_tile_stairs":81,"ironchest:gold_chest":2,"ad_astra:coal_generator":4,"quark:ancient_planks":4,"minecraft:red_nether_bricks":4,"aether:holystone_bricks":4,"minecraft:glow_item_frame":2,"luminousworld:dec_blue_ish_brick":4,"luminousworld:white_petunias":2,"minecraft:dark_prismarine_slab":1,"luminousworld:redishbrick":9,"minecraft:book":30,"minecraft:smoker":2,"iceandfire:dragonbone_bow":15,"quark:blossom_door":5,"minecraft:cracked_polished_blackstone_bricks":5,"minecraft:stone_axe":23,"minecraft:fishing_rod":1,"luminousworld:dec_black_ish_brick":8,"minecraft:jungle_door":2,"minecraft:bucket":96,"minecraft:yellow_bed":3,"minecraft:splash_potion":7},"minecraft:custom":{"minecraft:interact_with_crafting_table":140,"minecraft:open_barrel":50,"minecraft:eat_cake_slice":4,"minecraft:leave_game":7,"minecraft:time_since_death":194206,"minecraft:damage_blocked_by_shield":3747,"minecraft:play_time":1000708,"minecraft:deaths":42,"minecraft:jump":7817,"minecraft:enchant_item":16,"minecraft:interact_with_furnace":22,"minecraft:sleep_in_bed":7,"minecraft:damage_dealt":176270,"tombstone:undead_killed":630,"minecraft:interact_with_smoker":23,"minecraft:inspect_dispenser":1,"minecraft:interact_with_smithing_table":10,"minecraft:interact_with_anvil":20,"minecraft:inspect_hopper":1,"minecraft:damage_dealt_absorbed":40,"minecraft:sneak_time":20998,"minecraft:interact_with_lectern":3,"minecraft:interact_with_blast_furnace":73,"minecraft:total_world_time":1000708,"tombstone:raider_killed":26,"minecraft:time_since_rest":193561,"minecraft:swim_one_cm":177932,"minecraft:fly_one_cm":1739495,"minecraft:open_chest":973,"minecraft:fall_one_cm":213530,"minecraft:damage_resisted":153,"minecraft:sprint_one_cm":1696590,"minecraft:drop":245,"minecraft:talked_to_villager":3,"minecraft:walk_on_water_one_cm":123859,"minecraft:open_enderchest":1,"minecraft:player_kills":1,"minecraft:crouch_one_cm":105932,"minecraft:mob_kills":1016,"minecraft:damage_dealt_resisted":4470,"minecraft:climb_one_cm":37477,"minecraft:walk_one_cm":1897366,"minecraft:walk_under_water_one_cm":66164,"minecraft:boat_one_cm":107190,"minecraft:damage_taken":2147483647,"minecraft:damage_absorbed":133,"minecraft:trigger_trapped_chest":1},"minecraft:killed":{"illagerinvasion:archivist":5,"born_in_chaos_v1:restless_spirit":2,"iceandfire:stymphalian_bird":1,"born_in_chaos_v1:baby_skeleton_minion":2,"illagerinvasion:basher":5,"minecraft:skeleton":22,"luminousworld:dark_oak_skeleton":4,"alexsmobs:leafcutter_ant":2,"minecraft:magma_cube":7,"stalwart_dungeons:giddy_blaze":18,"undead_revamp2:theheavy":1,"eeeabsmobs:corpse_warlock":1,"minecraft:zombie":270,"born_in_chaos_v1:corpse_fly":4,"enemyexpansion:botfly":146,"born_in_chaos_v1:door_knight":1,"iceandfire:sea_serpent":4,"minecraft:cow":8,"luminousworld:frostbitten_zombie":1,"minecraft:evoker":1,"eeeabsmobs:corpse_villager":9,"undead_revamp2:thehunter":1,"undead_revamp2:theimmortal":2,"minecraft:vindicator":3,"illagerinvasion:marauder":1,"born_in_chaos_v1:firelight":1,"stalwart_dungeons:nether_wart_cocoon":6,"earthmobsmod:teacup_pig":2,"earthmobsmod:albino_cow":3,"minecraft:husk":13,"earthmobsmod:bouldering_zombie":1,"undead_revamp2:the_moonflower":9,"eeeabsmobs:corpse_to_player":3,"enemyexpansion:sprinter":3,"minecraft:ravager":9,"undead_revamp2:thesomnolence":2,"iceandfire:ghost":1,"minecraft:spider":6,"illagerinvasion:provoker":1,"minecraft:piglin_brute":1,"minecraft:piglin":4,"born_in_chaos_v1:bonescaller":1,"minecraft:pig":10,"earthmobsmod:lobber_zombie":3,"illagerinvasion:alchemist":1,"minecraft:creeper":2,"alexsmobs:crimson_mosquito":2,"minecraft:sheep":5,"born_in_chaos_v1:dread_hound":1,"luminousworld:dark_oak_zombie":4,"minecraft:blaze":18,"undead_revamp2:thegliter":2,"enemyexpansion:direwolf":6,"born_in_chaos_v1:maggot":74,"minecraft:drowned":1,"born_in_chaos_v1:corpse_fish":3,"undead_revamp2:sucker":2,"born_in_chaos_v1:baby_skeleton":2,"quark:foxhound":1,"enemyexpansion:huntsman":1,"eeeabsmobs:corpse":8,"minecraft:wither_skeleton":174,"enemyexpansion:slugger":79,"illagerinvasion:surrendered":12},"minecraft:broken":{"minecraft:diamond_helmet":1,"minecraft:diamond_pickaxe":1,"minecraft:diamond_leggings":1,"minecraft:shield":1,"minecraft:diamond_boots":1,"minecraft:diamond_chestplate":1},"minecraft:killed_by":{"undead_revamp2:the_moonflower":1,"minecraft:ravager":6,"minecraft:zombie":9,"eeeabsmobs:corpse":2,"illagerinvasion:invoker":2,"born_in_chaos_v1:maggot":1,"minecraft:evoker":1,"eeeabsmobs:corpse_warlock":1,"iceandfire:sea_serpent":1,"iceandfire:ice_dragon":1,"minecraft:player":3,"minecraft:enderman":1,"iceandfire:gorgon":1,"minecraft:skeleton":4,"iceandfire:troll":1},"minecraft:picked_up":{"minecraft:iron_chestplate":5,"minecraft:chainmail_boots":3,"minecraft:anvil":4,"minecraft:smithing_table":1,"eeeabsmobs:soul_summoning_necklace":4,"minecraft:diamond_sword":1,"minecraft:oak_stairs":2,"minecraft:enchanted_book":3,"minecraft:birch_button":3,"minecraft:string":38,"minecraft:dark_oak_trapdoor":5,"minecraft:red_nether_bricks":5,"minecraft:beetroot":6,"minecraft:gold_nugget":3,"minecraft:cobbled_deepslate":65,"minecraft:spruce_planks":13,"minecraft:waxed_exposed_cut_copper":4,"minecraft:melon_slice":45,"minecraft:coal_block":21,"minecraft:polished_blackstone_brick_slab":2,"luminousworld:auburnlog":6,"minecraft:lightning_rod":1,"minecraft:cherry_log":1,"minecraft:deepslate_tile_stairs":8,"minecraft:brown_carpet":3,"minecraft:waxed_cut_copper_stairs":3,"luminousworld:black_patterned_ish_bricks":33,"luminousworld:grassflowers":9,"minecraft:stone_sword":5,"luminousworld:yellow_grassflowers":4,"minecraft:vex_armor_trim_smithing_template":2,"minecraft:iron_block":1,"ad_astra:etrionic_blast_furnace":1,"minecraft:glowstone":1,"supplementaries:ash":28,"minecraft:waxed_cut_copper":16,"minecraft:blaze_rod":23,"minecraft:birch_log":9,"minecraft:magma_block":1,"minecraft:water_bucket":1,"minecraft:jungle_log":21,"minecraft:brown_wool":4,"artifacts:thorn_pendant":1,"ad_astra:coal_generator":2,"minecraft:lantern":3,"undead_revamp2:blacpetalblock":2,"minecraft:dark_oak_sign":11,"minecraft:diamond_helmet":1,"luminousworld:creepberries":9,"minecraft:stripped_acacia_wood":5,"iceandfire:shiny_scales":2,"minecraft:dark_oak_log":31,"minecraft:red_terracotta":3,"minecraft:barrel":1,"naturalist:duck_egg":2,"undead_revamp2:heavytooth":1,"securitycraft:universal_block_remover":1,"minecraft:bundle":10,"minecraft:iron_hoe":1,"minecraft:polished_andesite":2,"stalwart_dungeons:spore_vaporizer":1,"ad_astra:steel_cable":1,"luminousworld:yellowpetunias":3,"minecraft:lever":2,"minecraft:granite":43,"minecraft:chainmail_helmet":1,"minecraft:bread":9,"born_in_chaos_v1:rotten_fish":1,"iceandfire:raw_silver":6,"luminousworld:groundpebbles_1":7,"minecraft:crafting_table":7,"iceandfire:witherbone":35,"minecraft:leather_leggings":1,"born_in_chaos_v1:seedof_chaos":1,"minecraft:cornflower":1,"alexsmobs:cooked_catfish":1,"ad_astra:steel_rod":3,"minecraft:netherite_scrap":26,"minecraft:white_carpet":24,"minecraft:iron_shovel":1,"iceandfire:graveyard_soil":5,"iceandfire:bestiary":1,"minecraft:beef":22,"born_in_chaos_v1:gnawed_bones":1,"minecraft:poppy":5,"minecraft:jungle_sapling":1,"minecraft:iron_nugget":36,"minecraft:spruce_slab":6,"minecraft:birch_sapling":9,"minecraft:copper_ore":2,"minecraft:black_stained_glass":64,"minecraft:glow_item_frame":4,"ironchest:iron_chest":5,"minecraft:cake":2,"minecraft:carrot":2,"minecraft:redstone":129,"illagerinvasion:primal_essence":1,"minecraft:mangrove_trapdoor":2,"iceandfire:dragon_skull_ice":1,"ad_astra:nasa_workbench":2,"minecraft:diamond_boots":1,"minecraft:hay_block":58,"tombstone:essence_of_undeath":2,"minecraft:gold_ingot":35,"minecraft:totem_of_undying":3,"minecraft:mutton":5,"minecraft:glow_berries":5,"minecraft:white_wool":10,"minecraft:oxeye_daisy":3,"minecraft:mud_bricks":42,"iceandfire:sea_serpent_fang":24,"born_in_chaos_v1:monster_flesh":1,"minecraft:tripwire_hook":1,"luminousworld:ishstone":44,"minecraft:blackstone_slab":2,"minecraft:red_mushroom":1,"minecraft:filled_map":1,"minecraft:packed_mud":16,"minecraft:oak_log":4,"minecraft:ancient_debris":1,"minecraft:paper":9,"minecraft:apple":3,"minecraft:stone_bricks":9,"minecraft:stone_pickaxe":3,"tombstone:bag_of_seeds":2,"minecraft:glass_bottle":5,"minecraft:iron_sword":3,"minecraft:dark_oak_stairs":8,"minecraft:dark_oak_slab":1,"iceandfire:dragonbone_sword":1,"born_in_chaos_v1:ethereal_spirit":4,"minecraft:cracked_nether_bricks":3,"minecraft:gravel":1,"minecraft:spruce_sapling":1,"minecraft:spruce_log":6,"minecraft:stone_axe":2,"minecraft:diamond_axe":1,"minecraft:painting":2,"minecraft:gray_wool":4,"quark:ancient_log":2,"twilightforest:castle_brick":6,"minecraft:hopper":1,"minecraft:ender_pearl":1,"minecraft:wheat":17,"illagerinvasion:platinum_chunk":11,"cataclysm:monstrous_horn":1,"minecraft:gilded_blackstone":2,"minecraft:nether_brick":31,"minecraft:raw_copper":20,"quark:blossom_door":2,"minecraft:bucket":1,"minecraft:calcite":2,"quark:black_shard":54,"minecraft:iron_pickaxe":1,"iceandfire:frozen_gravel":1,"minecraft:iron_boots":5,"minecraft:furnace":2,"minecraft:stick":7,"iceandfire:ghost_chest":2,"minecraft:torch":17,"minecraft:spruce_stairs":3,"minecraft:porkchop":27,"tombstone:grave_dust":65,"minecraft:diorite":112,"ad_astra:oxygen_loader":1,"minecraft:goat_horn":1,"iceandfire:dragon_bone_wall":1,"quark:ancient_tome":1,"minecraft:cactus":2,"minecraft:rotten_flesh":144,"ad_astra:iron_rod":2,"minecraft:obsidian":23,"undead_revamp2:arapholia":3,"minecraft:cobblestone":745,"luminousworld:savannah_ground":7,"minecraft:andesite":39,"minecraft:potato":35,"minecraft:tuff":51,"minecraft:wither_skeleton_skull":1,"minecraft:lapis_lazuli":82,"minecraft:dirt":1044,"minecraft:polished_granite":2,"iceandfire:dragonbone_sword_ice":2,"born_in_chaos_v1:monster_skin":2,"minecraft:leather_boots":1,"minecraft:bone":102,"ad_astra:compressor":3,"minecraft:bow":2,"ad_astra:fuel_refinery":1,"minecraft:wheat_seeds":85,"minecraft:raw_gold":8,"minecraft:mossy_stone_bricks":2,"minecraft:black_terracotta":3,"quark:ancient_chest":6,"minecraft:red_sandstone_wall":6,"iceandfire:podium_spruce":1,"artifacts:rooted_boots":1,"quark:shale":5,"earthmobsmod:harder_flesh":2,"torchmaster:megatorch":1,"quark:dark_oak_ladder":9,"minecraft:sand":50,"minecraft:jungle_planks":32,"minecraft:cyan_bed":1,"minecraft:diamond_block":4,"eeeabsmobs:heart_of_pagan":2,"minecraft:mossy_cobblestone":3,"minecraft:dark_prismarine":3,"ad_astra:iron_plate":4,"minecraft:dark_prismarine_slab":1,"minecraft:diamond":59,"minecraft:slime_block":3,"minecraft:polished_blackstone_button":3,"minecraft:cracked_polished_blackstone_bricks":6,"minecraft:bone_meal":2,"minecraft:golden_apple":2,"minecraft:emerald":10,"minecraft:oak_sapling":4,"minecraft:netherrack":202,"iceandfire:silver_nugget":26,"minecraft:cocoa_beans":12,"minecraft:waxed_oxidized_cut_copper":6,"minecraft:azure_bluet":1,"minecraft:splash_potion":8,"born_in_chaos_v1:river_mint":6,"minecraft:ladder":2,"minecraft:brown_mushroom":4,"minecraft:wooden_pickaxe":2,"minecraft:gold_block":7,"minecraft:stone_stairs":1,"minecraft:iron_axe":2,"minecraft:item_frame":15,"takesapillage:ravager_horn":22,"minecraft:blackstone":9,"minecraft:lectern":1,"minecraft:sugar_cane":3,"minecraft:raw_iron":150,"iceandfire:dragonbone":13,"minecraft:stripped_mangrove_wood":1,"ecologics:coconut_slice":2,"minecraft:copper_ingot":14,"minecraft:note_block":4,"minecraft:polished_blackstone_bricks":23,"minecraft:cookie":10,"ad_astra:steel_ingot":53,"minecraft:dark_oak_planks":8,"ad_astra:steel_plate":14,"iceandfire:silver_ingot":3,"iceandfire:sea_serpent_scales_purple":5,"minecraft:arrow":41,"minecraft:nether_bricks":66,"born_in_chaos_v1:corpse_maggot":26,"minecraft:golden_carrot":14,"minecraft:crimson_stem":1,"minecraft:leather":61,"minecraft:birch_planks":2,"minecraft:chainmail_chestplate":2,"iceandfire:ectoplasm":3,"minecraft:cobblestone_stairs":1,"minecraft:yellow_bed":3,"minecraft:gunpowder":9,"minecraft:red_carpet":49,"minecraft:gray_carpet":14,"minecraft:acacia_trapdoor":1,"minecraft:iron_ingot":286,"luminousworld:white_petunias":8,"iceandfire:sea_serpent_scales_deepblue":86,"minecraft:oxidized_cut_copper":1,"minecraft:soul_sand":7,"minecraft:book":113,"minecraft:scaffolding":2,"luminousworld:clovers_1":4,"minecraft:emerald_block":8,"born_in_chaos_v1:death_totem":1,"minecraft:chiseled_stone_bricks":4,"minecraft:stone_brick_slab":2,"minecraft:dripstone_block":2,"minecraft:dandelion":13,"minecraft:raw_iron_block":25,"luminousworld:sunset_petunias":3,"minecraft:mud_brick_wall":16,"minecraft:blast_furnace":3,"minecraft:nether_brick_slab":1,"minecraft:dark_oak_fence_gate":2,"minecraft:spider_eye":3,"luminousworld:whiteoaklog":1,"minecraft:cut_red_sandstone":1,"minecraft:honey_block":3,"minecraft:iron_helmet":5,"tombstone:decorative_grave_normal":2,"tombstone:magic_scroll":5,"minecraft:coal":116},"minecraft:crafted":{"quark:birch_chest":3,"born_in_chaos_v1:death_totem":1,"minecraft:diamond_shovel":2,"sophisticatedbackpacks:crafting_upgrade":1,"minecraft:cooked_mutton":4,"minecraft:glass":50,"ad_astra:oxygen_gear":2,"minecraft:diamond_helmet":2,"minecraft:diamond_leggings":3,"iceandfire:dragonbone_arrow":75,"aether:diamond_gloves":2,"ad_astra:space_helmet":2,"torchmaster:megatorch":1,"minecraft:glass_bottle":36,"minecraft:cooked_porkchop":22,"minecraft:diamond_axe":1,"iceandfire:wither_shard":15,"minecraft:copper_ingot":44,"iceandfire:dragonbone_sword_ice":2,"cataclysm:monstrous_helm":1,"quark:oak_chest":1,"minecraft:gold_ingot":90,"quark:blossom_door":3,"quark:ancient_planks":256,"minecraft:netherite_ingot":6,"naturalist:cooked_egg":1,"iceandfire:tide_deepblue_boots":1,"minecraft:stone_shovel":1,"iceandfire:dragon_bone_wall":1,"minecraft:iron_nugget":207,"ad_astra:gas_tank":4,"quark:jungle_chest":2,"born_in_chaos_v1:smoked_monster_flesh":11,"ad_astra:compressor":1,"elevatorid:elevator_gray":1,"minecraft:lantern":24,"aether:netherite_gloves":1,"ad_astra:steel_block":5,"luminousworld:white_oak_plank":4,"minecraft:stone_pickaxe":1,"minecraft:diamond_boots":2,"minecraft:spruce_boat":1,"minecraft:dark_oak_planks":56,"quark:dark_oak_ladder":12,"minecraft:wheat":585,"ad_astra:space_pants":2,"iceandfire:dragonbone_sword":2,"ironchest:gold_chest":2,"minecraft:enchanting_table":1,"ad_astra:space_suit":2,"sophisticatedbackpacks:gold_backpack":1,"minecraft:oak_fence_gate":1,"minecraft:black_stained_glass_pane":16,"ad_astra:coal_generator":2,"minecraft:white_bed":1,"minecraft:oak_planks":20,"ad_astra:launch_pad":2,"iceandfire:tide_purple_helmet":1,"minecraft:bow":1,"minecraft:iron_boots":2,"minecraft:netherite_helmet":1,"minecraft:netherite_upgrade_smithing_template":16,"minecraft:smoker":2,"ad_astra:cable_duct":2,"minecraft:item_frame":5,"sophisticatedbackpacks:backpack":2,"quark:blossom_planks":8,"minecraft:crafting_table":4,"minecraft:spruce_planks":24,"minecraft:wooden_pickaxe":1,"minecraft:gold_block":2,"iceandfire:tide_deepblue_leggings":1,"minecraft:birch_planks":96,"sophisticatedbackpacks:upgrade_base":1,"iceandfire:dragonbone_bow":4,"ad_astra:etrionic_blast_furnace":1,"minecraft:iron_chestplate":2,"minecraft:diamond_pickaxe":2,"minecraft:shield":3,"sophisticatedbackpacks:diamond_backpack":1,"minecraft:stick":120,"minecraft:iron_ingot":236,"minecraft:stone_sword":1,"ad_astra:iron_rod":8,"minecraft:raw_iron":18,"minecraft:coal":153,"minecraft:fishing_rod":1,"minecraft:furnace":3,"minecraft:piston":2,"minecraft:flint_and_steel":1,"quark:dark_oak_chest":1,"minecraft:netherite_chestplate":1,"ad_astra:steel_rod":12,"ad_astra:steel_cable":16,"quark:ancient_chest":8,"ad_astra:nasa_workbench":1,"minecraft:netherite_scrap":4,"sophisticatedbackpacks:iron_backpack":2,"minecraft:cooked_beef":22,"minecraft:crimson_planks":4,"minecraft:diamond_sword":2,"elevatorid:elevator_white":1,"iceandfire:silver_ingot":22,"minecraft:bucket":6,"minecraft:stone_axe":1,"minecraft:air":0,"minecraft:bread":237,"minecraft:jungle_planks":84,"minecraft:black_stained_glass":1,"minecraft:jungle_door":3,"quark:ancient_bookshelf":29,"minecraft:white_wool":3,"minecraft:torch":60,"minecraft:diamond_chestplate":2,"ironchest:iron_chest":2},"minecraft:dropped":{"sophisticatedbackpacks:iron_backpack":1,"minecraft:red_sandstone_wall":2,"minecraft:red_carpet":4,"minecraft:item_frame":2,"minecraft:dirt":67,"minecraft:packed_mud":5,"minecraft:dark_oak_trapdoor":3,"born_in_chaos_v1:death_totem":1,"minecraft:bone":4,"quark:ancient_tome":1,"minecraft:note_block":2,"minecraft:stone_axe":2,"minecraft:waxed_cut_copper_stairs":1,"iceandfire:sea_serpent_scales_deepblue":13,"undead_revamp2:arapholia":1,"minecraft:rotten_flesh":18,"minecraft:dark_oak_fence_gate":1,"illagerinvasion:primal_essence":1,"luminousworld:grassflowers":9,"iceandfire:ghost_chest":1,"minecraft:honey_block":1,"minecraft:leather_leggings":1,"iceandfire:ice_dragon_blood":1,"minecraft:iron_ingot":62,"minecraft:oxidized_cut_copper":1,"ironchest:gold_chest":5,"ad_astra:space_pants":1,"minecraft:cobblestone":8,"ad_astra:space_boots":1,"minecraft:granite":3,"minecraft:polished_blackstone_button":1,"minecraft:chainmail_helmet":2,"minecraft:coal":2,"minecraft:polished_andesite":2,"minecraft:golden_carrot":3,"ad_astra:iron_plate":4,"minecraft:oak_stairs":2,"minecraft:string":3,"minecraft:gray_carpet":12,"minecraft:stone_sword":1,"minecraft:iron_boots":1,"minecraft:diamond_sword":1,"takesapillage:ravager_horn":20,"minecraft:waxed_cut_copper":9,"minecraft:diamond_pickaxe":1,"minecraft:stone_bricks":2,"minecraft:brown_carpet":1,"minecraft:bow":1,"iceandfire:sea_serpent_fang":2,"minecraft:dark_oak_stairs":7,"luminousworld:yellowpetunias":1,"minecraft:oak_log":2,"minecraft:netherite_upgrade_smithing_template":1,"minecraft:jungle_planks":30,"iceandfire:graveyard_soil":5,"minecraft:cut_copper":2,"ad_astra:steel_plate":9,"eeeabsmobs:soul_summoning_necklace":3,"minecraft:gold_ingot":7,"minecraft:black_terracotta":1,"minecraft:diamond_shovel":1,"minecraft:chainmail_chestplate":1,"supplementaries:ash":8,"iceandfire:chain":1,"born_in_chaos_v1:corpse_maggot":6,"minecraft:birch_button":2,"minecraft:arrow":2,"minecraft:scaffolding":1,"minecraft:water_bucket":1,"minecraft:bread":51,"minecraft:diamond_leggings":1,"eeeabsmobs:heart_of_pagan":1,"minecraft:stick":9,"luminousworld:black_patterned_ish_bricks":128,"minecraft:mud_brick_wall":11,"tombstone:grave_dust":6,"iceandfire:witherbone":4,"minecraft:waxed_exposed_cut_copper":1,"minecraft:stripped_acacia_wood":4,"luminousworld:yellow_grassflowers":4,"minecraft:copper_ore":1,"securitycraft:universal_block_remover":1,"minecraft:mud_bricks":18,"minecraft:iron_chestplate":2,"minecraft:oak_sapling":1,"iceandfire:dragonbone_bow":1,"minecraft:waxed_oxidized_cut_copper":1,"tombstone:essence_of_undeath":1,"minecraft:stone_pickaxe":2,"minecraft:wooden_pickaxe":1},"minecraft:mined":{"minecraft:dark_oak_planks":4,"minecraft:black_terracotta":1,"minecraft:jungle_leaves":1,"minecraft:red_nether_bricks":6,"minecraft:obsidian":16,"minecraft:granite":39,"minecraft:jungle_log":21,"minecraft:coal_block":21,"ad_astra:compressor":3,"minecraft:deepslate_tile_stairs":10,"quark:ancient_chest":6,"minecraft:hopper":1,"luminousworld:savanna_grass_2":1,"minecraft:chiseled_stone_bricks":2,"minecraft:spawner":8,"minecraft:polished_blackstone_bricks":25,"minecraft:magma_block":1,"minecraft:dark_oak_trapdoor":1,"minecraft:cobbled_deepslate":3,"minecraft:fire":18,"minecraft:barrel":1,"minecraft:deepslate_lapis_ore":17,"minecraft:oak_stairs":2,"minecraft:iron_block":1,"minecraft:stripped_mangrove_wood":2,"ad_astra:steel_cable":1,"quark:dark_oak_ladder":9,"minecraft:blast_furnace":3,"minecraft:nether_brick_slab":1,"minecraft:cyan_bed":1,"minecraft:sugar_cane":1,"tombstone:decorative_grave_normal":2,"minecraft:wheat":38,"minecraft:grass":64,"luminousworld:grassvariant_3":11,"minecraft:cut_red_sandstone":1,"minecraft:deepslate":62,"quark:ancient_log":2,"minecraft:dark_prismarine":3,"iceandfire:silver_ore":6,"minecraft:mossy_cobblestone":3,"quark:shale":5,"minecraft:dark_oak_log":33,"minecraft:sea_lantern":2,"minecraft:nether_bricks":69,"alexsmobs:leafcutter_ant_chamber":1,"luminousworld:grassvariant_2":32,"minecraft:waxed_oxidized_cut_copper":3,"minecraft:packed_mud":4,"minecraft:acacia_trapdoor":4,"minecraft:andesite":39,"ad_astra:nasa_workbench":2,"minecraft:potatoes":19,"minecraft:vine":1,"ironchest:iron_chest":5,"minecraft:smooth_quartz_stairs":1,"iceandfire:podium_spruce":1,"minecraft:ender_chest":1,"minecraft:smithing_table":1,"minecraft:stone_brick_slab":2,"iceandfire:frozen_gravel":1,"luminousworld:auburnlog":6,"minecraft:lightning_rod":1,"luminousworld:grassflowers":2,"minecraft:tall_grass":5,"minecraft:copper_ore":6,"minecraft:deepslate_gold_ore":8,"minecraft:diorite":110,"luminousworld:whiteoaklog":1,"quark:ancient_bookshelf":6,"minecraft:black_stained_glass":16,"minecraft:red_terracotta":3,"minecraft:spruce_log":6,"luminousworld:clovers_5":1,"iceandfire:silver_pile":1,"luminousworld:ishstone":44,"minecraft:gravel":1,"minecraft:cobweb":28,"minecraft:stone_bricks":9,"minecraft:waxed_exposed_cut_copper":2,"minecraft:fern":2,"luminousworld:white_petunias":5,"stalwart_dungeons:spore_vaporizer":1,"minecraft:spruce_planks":13,"luminousworld:yellowpetunias":1,"minecraft:cobblestone_stairs":1,"minecraft:grass_block":528,"minecraft:cracked_polished_blackstone_bricks":6,"minecraft:polished_blackstone_brick_slab":4,"minecraft:mud_bricks":1,"minecraft:gilded_blackstone":2,"minecraft:raw_iron_block":2,"minecraft:iron_ore":21,"iceandfire:dragon_bone_wall":1,"minecraft:anvil":2,"ad_astra:fuel_refinery":1,"luminousworld:creepbush":9,"minecraft:deepslate_redstone_ore":28,"supplementaries:book_pile":1,"luminousworld:black_patterned_ish_bricks":33,"twilightforest:castle_brick":5,"iceandfire:dragon_ice_spikes":14,"minecraft:calcite":2,"iceandfire:ghost_chest":3,"minecraft:cobblestone":46,"minecraft:slime_block":3,"placeablesmod:bread_full_block":2,"minecraft:wall_torch":10,"minecraft:stone_stairs":1,"minecraft:warped_nylium":2,"luminousworld:clovers_1":1,"born_in_chaos_v1:river_mint":1,"minecraft:oak_log":3,"minecraft:sand":50,"minecraft:dirt":506,"minecraft:netherrack":226,"minecraft:ancient_debris":1,"minecraft:tuff":52,"minecraft:dark_oak_leaves":1,"minecraft:deepslate_diamond_ore":10,"luminousworld:grassvariant_4":17,"torchmaster:megatorch":1,"minecraft:mangrove_trapdoor":2,"minecraft:cracked_nether_bricks":3,"luminousworld:groundpebbles_3":1,"minecraft:crimson_stem":1,"minecraft:hay_block":58,"minecraft:furnace":2,"minecraft:gold_block":1,"minecraft:bookshelf":21,"minecraft:deepslate_iron_ore":129,"minecraft:packed_ice":42,"minecraft:stone":626,"supplementaries:book_pile_horizontal":8,"minecraft:polished_granite":2,"minecraft:oak_fence":2,"minecraft:crafting_table":7,"minecraft:honey_block":1,"minecraft:blackstone_slab":1,"ad_astra:etrionic_blast_furnace":1,"minecraft:lectern":1,"supplementaries:urn":2,"minecraft:spruce_stairs":3,"minecraft:ice":1,"minecraft:yellow_bed":3,"minecraft:coal_ore":53,"minecraft:cocoa":3,"ad_astra:oxygen_loader":1,"ad_astra:coal_generator":2,"minecraft:polished_andesite":2,"minecraft:mossy_stone_bricks":2}},"DataVersion":3465}