{"stats":{"minecraft:used":{"elevatorid:elevator_gray":1,"minecraft:spruce_slab":2,"minecraft:shield":301,"minecraft:stone":97,"luminousworld:savannah_ground":7,"minecraft:iron_chestplate":1,"minecraft:oxidized_cut_copper":15,"quark:ancient_log":198,"minecraft:jungle_planks":35,"minecraft:obsidian":21,"iceandfire:chain":1,"ironchest:iron_chest":5,"luminousworld:red_patterned_ish_bricks":8,"minecraft:spruce_boat":1,"minecraft:honey_block":1,"minecraft:grass_block":39,"minecraft:birch_sapling":9,"minecraft:lantern":38,"luminousworld:blue_patterned_ish_bricks":4,"minecraft:packed_mud":6,"quark:ancient_bookshelf":47,"minecraft:iron_helmet":1,"minecraft:dark_oak_slab":1,"minecraft:item_frame":10,"tombstone:decorative_grave_normal":2,"minecraft:scaffolding":1,"supplementaries:ash":1,"minecraft:furnace":2,"minecraft:potato":20,"minecraft:polished_blackstone_stairs":2,"quark:dark_oak_ladder":8,"minecraft:stone_pickaxe":24,"naturalist:cooked_egg":1,"quark:ancient_chest":18,"minecraft:blackstone_stairs":2,"luminousworld:blueishbrick":4,"iceandfire:dragonbone_sword_ice":258,"minecraft:wooden_pickaxe":3,"minecraft:diamond_axe":161,"luminousworld:yellowpetunias":1,"minecraft:glow_berries":13,"elevatorid:elevator_white":1,"minecraft:golden_apple":2,"minecraft:blast_furnace":2,"securitycraft:universal_block_remover":1,"minecraft:cobbled_deepslate_stairs":2,"minecraft:deepslate_brick_stairs":5,"luminousworld:creepberries":9,"iceandfire:dragonbone_sword":609,"minecraft:melon_slice":23,"minecraft:bread":115,"minecraft:cyan_bed":1,"minecraft:dark_oak_log":1,"tombstone:grave_key":13,"minecraft:diamond_sword":272,"minecraft:smithing_table":1,"minecraft:flint_and_steel":1,"minecraft:stone_sword":2,"minecraft:enchanting_table":1,"minecraft:stone_shovel":4,"minecraft:spruce_planks":13,"quark:jungle_chest":2,"luminousworld:black_ish_brick":9,"minecraft:torch":29,"twilightforest:castle_brick":1202,"minecraft:dirt":581,"minecraft:anvil":3,"minecraft:raw_iron_block":1,"minecraft:diamond_helmet":1,"securitycraft:reinforced_stone":3,"minecraft:oak_fence_gate":1,"minecraft:dark_oak_planks":55,"minecraft:iron_hoe":38,"luminousworld:dec_red_ish_brick":9,"luminousworld:dec_l_bishbrick":8,"iceandfire:dragon_bone_wall":1,"tombstone:dark_marble_stairs":1,"minecraft:iron_boots":1,"minecraft:totem_of_undying":1,"minecraft:mud_bricks":16,"undead_revamp2:huntereye":1,"minecraft:golden_carrot":4,"minecraft:black_stained_glass":988,"minecraft:deepslate_tile_stairs":80,"torchmaster:megatorch":2,"ironchest:gold_chest":2,"tombstone:gift":8,"minecraft:wheat_seeds":8,"alexsmobs:cooked_catfish":1,"minecraft:water_bucket":65,"quark:ancient_planks":4,"minecraft:waxed_oxidized_cut_copper":2,"aether:holystone_bricks":4,"born_in_chaos_v1:black_argillite_brick_stairs":1,"luminousworld:black_patterned_ish_bricks":722,"luminousworld:dec_blue_ish_brick":4,"born_in_chaos_v1:black_argillite_stairs":1,"minecraft:dark_prismarine_slab":1,"luminousworld:white_petunias":2,"minecraft:crafting_table":8,"luminousworld:lightblueishbrick":8,"minecraft:diamond_shovel":1108,"luminousworld:redishbrick":9,"minecraft:white_bed":1,"minecraft:book":30,"minecraft:smoker":2,"minecraft:oak_log":2,"minecraft:diamond_pickaxe":1502,"quark:blossom_door":5,"tombstone:magic_scroll":5,"minecraft:crimson_nylium":2,"minecraft:stone_axe":23,"luminousworld:light_blue_patterned_ish_bricks":8,"minecraft:enchanted_book":1,"minecraft:cobblestone":27,"luminousworld:dec_black_ish_brick":8,"minecraft:jungle_door":2,"minecraft:cooked_porkchop":23,"minecraft:bucket":66,"minecraft:yellow_bed":3,"quark:oak_chest":1,"minecraft:diamond_leggings":1,"minecraft:splash_potion":7},"minecraft:custom":{"minecraft:interact_with_crafting_table":93,"minecraft:open_barrel":23,"minecraft:eat_cake_slice":4,"minecraft:leave_game":6,"minecraft:time_since_death":126682,"minecraft:damage_resisted":133,"minecraft:sprint_one_cm":1389636,"minecraft:damage_blocked_by_shield":3321,"minecraft:drop":192,"minecraft:talked_to_villager":3,"minecraft:play_time":762559,"minecraft:deaths":36,"minecraft:jump":6461,"minecraft:walk_on_water_one_cm":99578,"minecraft:enchant_item":8,"minecraft:interact_with_furnace":21,"minecraft:sleep_in_bed":7,"minecraft:open_enderchest":1,"minecraft:damage_dealt":67284,"minecraft:player_kills":1,"minecraft:crouch_one_cm":47980,"tombstone:undead_killed":202,"minecraft:interact_with_smoker":23,"minecraft:interact_with_smithing_table":7,"minecraft:inspect_dispenser":1,"minecraft:interact_with_anvil":10,"minecraft:mob_kills":367,"minecraft:inspect_hopper":1,"minecraft:damage_dealt_resisted":1852,"minecraft:climb_one_cm":37363,"minecraft:walk_one_cm":1525994,"minecraft:sneak_time":13010,"minecraft:walk_under_water_one_cm":65998,"minecraft:boat_one_cm":107190,"minecraft:interact_with_blast_furnace":67,"minecraft:total_world_time":762559,"tombstone:raider_killed":26,"minecraft:time_since_rest":126564,"minecraft:damage_taken":2147483647,"minecraft:damage_absorbed":91,"minecraft:trigger_trapped_chest":1,"minecraft:swim_one_cm":177932,"minecraft:fly_one_cm":1431272,"minecraft:open_chest":712,"minecraft:fall_one_cm":170158},"minecraft:broken":{"minecraft:diamond_helmet":1,"minecraft:diamond_boots":1,"minecraft:diamond_pickaxe":1,"minecraft:diamond_chestplate":1,"minecraft:diamond_leggings":1,"minecraft:shield":1},"minecraft:crafted":{"minecraft:oak_planks":20,"quark:birch_chest":3,"born_in_chaos_v1:death_totem":1,"minecraft:diamond_shovel":2,"sophisticatedbackpacks:crafting_upgrade":1,"minecraft:cooked_mutton":4,"iceandfire:tide_purple_helmet":1,"minecraft:glass":50,"minecraft:diamond_helmet":1,"minecraft:diamond_leggings":3,"minecraft:iron_boots":2,"aether:diamond_gloves":1,"minecraft:smoker":2,"torchmaster:megatorch":1,"minecraft:glass_bottle":36,"minecraft:item_frame":5,"sophisticatedbackpacks:backpack":2,"quark:blossom_planks":8,"minecraft:cooked_porkchop":22,"minecraft:diamond_axe":1,"minecraft:crafting_table":3,"minecraft:spruce_planks":24,"minecraft:wooden_pickaxe":1,"minecraft:copper_ingot":44,"minecraft:gold_block":2,"iceandfire:tide_deepblue_leggings":1,"minecraft:birch_planks":96,"sophisticatedbackpacks:upgrade_base":1,"iceandfire:dragonbone_sword_ice":1,"minecraft:iron_chestplate":2,"minecraft:diamond_pickaxe":2,"minecraft:shield":3,"quark:oak_chest":1,"sophisticatedbackpacks:diamond_backpack":1,"minecraft:stick":112,"minecraft:iron_ingot":230,"minecraft:stone_sword":1,"minecraft:gold_ingot":87,"quark:blossom_door":3,"quark:ancient_planks":256,"minecraft:netherite_ingot":4,"naturalist:cooked_egg":1,"iceandfire:tide_deepblue_boots":1,"minecraft:raw_iron":18,"minecraft:stone_shovel":1,"minecraft:coal":144,"iceandfire:dragon_bone_wall":1,"minecraft:iron_nugget":207,"quark:jungle_chest":2,"minecraft:furnace":1,"born_in_chaos_v1:smoked_monster_flesh":11,"minecraft:flint_and_steel":1,"quark:dark_oak_chest":1,"elevatorid:elevator_gray":1,"minecraft:lantern":24,"luminousworld:white_oak_plank":4,"minecraft:stone_pickaxe":1,"minecraft:diamond_boots":2,"quark:ancient_chest":8,"minecraft:spruce_boat":1,"minecraft:dark_oak_planks":32,"quark:dark_oak_ladder":12,"sophisticatedbackpacks:iron_backpack":2,"minecraft:wheat":585,"minecraft:cooked_beef":22,"ironchest:gold_chest":2,"iceandfire:dragonbone_sword":1,"minecraft:diamond_sword":2,"elevatorid:elevator_white":1,"iceandfire:silver_ingot":22,"minecraft:enchanting_table":1,"sophisticatedbackpacks:gold_backpack":1,"minecraft:stone_axe":1,"minecraft:bread":237,"minecraft:air":0,"minecraft:jungle_planks":84,"minecraft:black_stained_glass":1,"minecraft:oak_fence_gate":1,"minecraft:jungle_door":3,"quark:ancient_bookshelf":29,"minecraft:white_wool":3,"minecraft:white_bed":1,"minecraft:torch":60,"ironchest:iron_chest":2,"minecraft:diamond_chestplate":2},"minecraft:picked_up":{"minecraft:iron_chestplate":3,"minecraft:wheat":17,"minecraft:chainmail_boots":3,"illagerinvasion:platinum_chunk":11,"minecraft:anvil":4,"minecraft:smithing_table":1,"minecraft:oak_stairs":2,"minecraft:enchanted_book":3,"minecraft:birch_button":3,"minecraft:string":28,"minecraft:dark_oak_trapdoor":5,"minecraft:raw_copper":20,"quark:blossom_door":2,"minecraft:beetroot":6,"minecraft:spruce_planks":13,"minecraft:gold_nugget":3,"minecraft:cobbled_deepslate":65,"minecraft:bucket":1,"minecraft:waxed_exposed_cut_copper":4,"minecraft:calcite":2,"minecraft:iron_pickaxe":1,"quark:black_shard":54,"iceandfire:frozen_gravel":1,"minecraft:melon_slice":45,"minecraft:coal_block":21,"minecraft:iron_boots":2,"minecraft:furnace":2,"luminousworld:auburnlog":6,"minecraft:stick":7,"iceandfire:ghost_chest":2,"minecraft:torch":15,"minecraft:spruce_stairs":3,"minecraft:porkchop":27,"minecraft:lightning_rod":1,"minecraft:cherry_log":1,"tombstone:grave_dust":26,"minecraft:diorite":112,"minecraft:deepslate_tile_stairs":8,"minecraft:goat_horn":1,"iceandfire:dragon_bone_wall":1,"minecraft:brown_carpet":3,"minecraft:waxed_cut_copper_stairs":3,"luminousworld:black_patterned_ish_bricks":24,"quark:ancient_tome":1,"luminousworld:grassflowers":9,"minecraft:stone_sword":3,"minecraft:cactus":2,"minecraft:rotten_flesh":130,"luminousworld:yellow_grassflowers":4,"minecraft:vex_armor_trim_smithing_template":2,"minecraft:iron_block":1,"minecraft:glowstone":1,"supplementaries:ash":11,"minecraft:waxed_cut_copper":16,"minecraft:obsidian":23,"undead_revamp2:arapholia":3,"minecraft:cobblestone":672,"minecraft:birch_log":9,"luminousworld:savannah_ground":7,"minecraft:andesite":39,"minecraft:jungle_log":21,"minecraft:potato":35,"artifacts:thorn_pendant":1,"minecraft:tuff":51,"minecraft:lapis_lazuli":82,"minecraft:dirt":1043,"minecraft:lantern":3,"minecraft:polished_granite":2,"born_in_chaos_v1:monster_skin":2,"minecraft:bone":58,"undead_revamp2:blacpetalblock":2,"minecraft:wheat_seeds":85,"minecraft:raw_gold":8,"minecraft:dark_oak_sign":11,"minecraft:mossy_stone_bricks":2,"minecraft:diamond_helmet":1,"quark:ancient_chest":6,"minecraft:black_terracotta":3,"minecraft:red_sandstone_wall":6,"artifacts:rooted_boots":1,"iceandfire:podium_spruce":1,"quark:shale":5,"luminousworld:creepberries":9,"minecraft:stripped_acacia_wood":5,"torchmaster:megatorch":1,"earthmobsmod:harder_flesh":2,"quark:dark_oak_ladder":9,"minecraft:sand":50,"minecraft:jungle_planks":32,"minecraft:cyan_bed":1,"minecraft:diamond_block":4,"minecraft:red_terracotta":3,"minecraft:dark_oak_log":31,"minecraft:barrel":1,"naturalist:duck_egg":2,"minecraft:mossy_cobblestone":3,"minecraft:dark_prismarine":3,"undead_revamp2:heavytooth":1,"securitycraft:universal_block_remover":1,"minecraft:bundle":6,"minecraft:iron_hoe":1,"minecraft:polished_andesite":2,"minecraft:dark_prismarine_slab":1,"minecraft:diamond":58,"minecraft:slime_block":3,"luminousworld:yellowpetunias":3,"minecraft:lever":2,"minecraft:polished_blackstone_button":3,"minecraft:granite":43,"minecraft:bone_meal":1,"minecraft:golden_apple":2,"minecraft:bread":9,"minecraft:chainmail_helmet":1,"minecraft:emerald":10,"born_in_chaos_v1:rotten_fish":1,"minecraft:oak_sapling":3,"iceandfire:silver_nugget":26,"iceandfire:raw_silver":6,"minecraft:waxed_oxidized_cut_copper":6,"minecraft:cocoa_beans":12,"luminousworld:groundpebbles_1":7,"minecraft:crafting_table":7,"minecraft:splash_potion":8,"minecraft:azure_bluet":1,"born_in_chaos_v1:river_mint":6,"iceandfire:witherbone":1,"minecraft:ladder":2,"born_in_chaos_v1:seedof_chaos":1,"minecraft:brown_mushroom":4,"minecraft:wooden_pickaxe":2,"minecraft:gold_block":6,"minecraft:cornflower":1,"alexsmobs:cooked_catfish":1,"minecraft:stone_stairs":1,"minecraft:iron_axe":2,"minecraft:netherite_scrap":26,"minecraft:item_frame":5,"minecraft:white_carpet":24,"takesapillage:ravager_horn":22,"iceandfire:graveyard_soil":5,"iceandfire:bestiary":1,"minecraft:beef":22,"born_in_chaos_v1:gnawed_bones":1,"minecraft:jungle_sapling":1,"minecraft:iron_nugget":36,"minecraft:poppy":5,"minecraft:spruce_slab":6,"minecraft:sugar_cane":3,"minecraft:birch_sapling":9,"minecraft:copper_ore":2,"minecraft:raw_iron":150,"minecraft:stripped_mangrove_wood":1,"iceandfire:dragonbone":13,"minecraft:glow_item_frame":2,"ecologics:coconut_slice":2,"minecraft:copper_ingot":1,"ironchest:iron_chest":5,"minecraft:note_block":4,"minecraft:cake":2,"minecraft:cookie":5,"minecraft:carrot":2,"minecraft:redstone":123,"illagerinvasion:primal_essence":1,"minecraft:mangrove_trapdoor":2,"minecraft:dark_oak_planks":8,"iceandfire:dragon_skull_ice":1,"iceandfire:silver_ingot":3,"minecraft:arrow":38,"iceandfire:sea_serpent_scales_purple":5,"minecraft:hay_block":58,"minecraft:gold_ingot":31,"tombstone:essence_of_undeath":1,"minecraft:totem_of_undying":2,"minecraft:glow_berries":5,"minecraft:mutton":5,"minecraft:white_wool":5,"minecraft:oxeye_daisy":3,"born_in_chaos_v1:corpse_maggot":14,"minecraft:mud_bricks":42,"born_in_chaos_v1:monster_flesh":1,"iceandfire:sea_serpent_fang":24,"minecraft:golden_carrot":14,"minecraft:tripwire_hook":1,"luminousworld:ishstone":44,"minecraft:leather":58,"minecraft:red_mushroom":1,"minecraft:birch_planks":2,"minecraft:filled_map":1,"minecraft:packed_mud":16,"minecraft:oak_log":4,"minecraft:chainmail_chestplate":1,"iceandfire:ectoplasm":3,"minecraft:yellow_bed":3,"minecraft:gunpowder":9,"minecraft:cobblestone_stairs":1,"minecraft:paper":9,"minecraft:red_carpet":49,"minecraft:gray_carpet":14,"minecraft:apple":3,"minecraft:stone_bricks":9,"minecraft:acacia_trapdoor":1,"minecraft:iron_ingot":282,"minecraft:stone_pickaxe":3,"tombstone:bag_of_seeds":1,"minecraft:glass_bottle":5,"luminousworld:white_petunias":8,"minecraft:oxidized_cut_copper":1,"iceandfire:sea_serpent_scales_deepblue":86,"minecraft:iron_sword":1,"minecraft:dark_oak_stairs":8,"minecraft:book":113,"minecraft:scaffolding":2,"minecraft:dark_oak_slab":1,"minecraft:emerald_block":8,"luminousworld:clovers_1":4,"born_in_chaos_v1:death_totem":1,"minecraft:chiseled_stone_bricks":4,"iceandfire:dragonbone_sword":1,"minecraft:stone_brick_slab":2,"born_in_chaos_v1:ethereal_spirit":4,"minecraft:dandelion":13,"minecraft:raw_iron_block":25,"minecraft:dripstone_block":1,"luminousworld:sunset_petunias":3,"minecraft:gravel":1,"minecraft:spruce_sapling":1,"minecraft:blast_furnace":3,"minecraft:mud_brick_wall":16,"minecraft:spruce_log":6,"minecraft:dark_oak_fence_gate":2,"minecraft:spider_eye":3,"luminousworld:whiteoaklog":1,"minecraft:stone_axe":2,"minecraft:honey_block":3,"minecraft:painting":2,"minecraft:iron_helmet":2,"minecraft:diamond_axe":1,"tombstone:decorative_grave_normal":2,"quark:ancient_log":2,"twilightforest:castle_brick":6,"tombstone:magic_scroll":2,"minecraft:coal":75,"minecraft:hopper":1,"minecraft:ender_pearl":1},"minecraft:mined":{"luminousworld:white_petunias":5,"minecraft:dark_oak_planks":4,"minecraft:spruce_planks":13,"luminousworld:yellowpetunias":1,"minecraft:black_terracotta":1,"minecraft:cobblestone_stairs":1,"minecraft:jungle_leaves":1,"minecraft:red_nether_bricks":1,"minecraft:obsidian":16,"minecraft:granite":39,"minecraft:grass_block":528,"minecraft:jungle_log":21,"minecraft:coal_block":21,"minecraft:deepslate_tile_stairs":9,"minecraft:mud_bricks":1,"quark:ancient_chest":6,"minecraft:chiseled_stone_bricks":2,"minecraft:hopper":1,"luminousworld:savanna_grass_2":1,"minecraft:spawner":7,"minecraft:raw_iron_block":2,"minecraft:dark_oak_trapdoor":1,"minecraft:iron_ore":21,"minecraft:barrel":1,"minecraft:fire":12,"minecraft:cobbled_deepslate":3,"iceandfire:dragon_bone_wall":1,"minecraft:anvil":2,"minecraft:deepslate_lapis_ore":17,"minecraft:oak_stairs":2,"minecraft:stripped_mangrove_wood":2,"minecraft:iron_block":1,"luminousworld:creepbush":9,"minecraft:deepslate_redstone_ore":28,"supplementaries:book_pile":1,"quark:dark_oak_ladder":9,"luminousworld:black_patterned_ish_bricks":24,"twilightforest:castle_brick":5,"iceandfire:dragon_ice_spikes":14,"minecraft:blast_furnace":3,"minecraft:calcite":2,"iceandfire:ghost_chest":3,"minecraft:cobblestone":46,"minecraft:slime_block":3,"minecraft:sugar_cane":1,"minecraft:cyan_bed":1,"placeablesmod:bread_full_block":2,"minecraft:wall_torch":7,"minecraft:stone_stairs":1,"luminousworld:clovers_1":1,"minecraft:wheat":38,"tombstone:decorative_grave_normal":2,"born_in_chaos_v1:river_mint":1,"minecraft:grass":64,"minecraft:oak_log":3,"minecraft:dirt":506,"minecraft:sand":50,"luminousworld:grassvariant_3":11,"minecraft:deepslate":62,"quark:ancient_log":2,"minecraft:dark_prismarine":3,"minecraft:tuff":52,"iceandfire:silver_ore":6,"luminousworld:grassvariant_4":17,"minecraft:deepslate_diamond_ore":10,"minecraft:mossy_cobblestone":3,"minecraft:dark_oak_leaves":1,"quark:shale":5,"minecraft:dark_oak_log":33,"torchmaster:megatorch":1,"alexsmobs:leafcutter_ant_chamber":1,"luminousworld:grassvariant_2":32,"minecraft:mangrove_trapdoor":2,"luminousworld:groundpebbles_3":1,"minecraft:hay_block":58,"minecraft:packed_mud":4,"minecraft:waxed_oxidized_cut_copper":3,"minecraft:furnace":2,"minecraft:acacia_trapdoor":4,"minecraft:andesite":39,"minecraft:bookshelf":21,"minecraft:potatoes":19,"minecraft:deepslate_iron_ore":129,"minecraft:vine":1,"ironchest:iron_chest":5,"minecraft:packed_ice":42,"minecraft:smooth_quartz_stairs":1,"minecraft:stone":626,"iceandfire:podium_spruce":1,"minecraft:ender_chest":1,"minecraft:smithing_table":1,"supplementaries:book_pile_horizontal":8,"minecraft:stone_brick_slab":2,"minecraft:polished_granite":2,"minecraft:oak_fence":2,"iceandfire:frozen_gravel":1,"minecraft:crafting_table":7,"minecraft:honey_block":1,"luminousworld:auburnlog":6,"luminousworld:grassflowers":2,"minecraft:lightning_rod":1,"minecraft:copper_ore":6,"minecraft:tall_grass":5,"minecraft:deepslate_gold_ore":8,"minecraft:diorite":110,"quark:ancient_bookshelf":6,"minecraft:spruce_stairs":3,"supplementaries:urn":2,"luminousworld:whiteoaklog":1,"minecraft:red_terracotta":3,"minecraft:black_stained_glass":16,"minecraft:ice":1,"minecraft:spruce_log":6,"minecraft:yellow_bed":3,"iceandfire:silver_pile":1,"luminousworld:clovers_5":1,"minecraft:coal_ore":53,"luminousworld:ishstone":44,"minecraft:cocoa":3,"minecraft:gravel":1,"minecraft:cobweb":18,"minecraft:polished_andesite":2,"minecraft:stone_bricks":9,"minecraft:mossy_stone_bricks":2,"minecraft:waxed_exposed_cut_copper":2,"minecraft:fern":2},"minecraft:dropped":{"sophisticatedbackpacks:iron_backpack":1,"minecraft:dark_oak_stairs":7,"luminousworld:yellowpetunias":1,"minecraft:oak_log":2,"minecraft:jungle_planks":30,"minecraft:red_sandstone_wall":2,"iceandfire:graveyard_soil":5,"minecraft:red_carpet":4,"minecraft:item_frame":2,"minecraft:packed_mud":5,"minecraft:dirt":67,"minecraft:dark_oak_trapdoor":3,"minecraft:cut_copper":2,"born_in_chaos_v1:death_totem":1,"quark:ancient_tome":1,"minecraft:note_block":2,"minecraft:stone_axe":2,"minecraft:waxed_cut_copper_stairs":1,"iceandfire:sea_serpent_scales_deepblue":13,"undead_revamp2:arapholia":1,"minecraft:black_terracotta":1,"minecraft:rotten_flesh":17,"minecraft:diamond_shovel":1,"minecraft:dark_oak_fence_gate":1,"illagerinvasion:primal_essence":1,"supplementaries:ash":6,"luminousworld:grassflowers":9,"iceandfire:chain":1,"iceandfire:ghost_chest":1,"minecraft:honey_block":1,"born_in_chaos_v1:corpse_maggot":2,"minecraft:birch_button":2,"minecraft:arrow":2,"iceandfire:ice_dragon_blood":1,"minecraft:scaffolding":1,"minecraft:iron_ingot":62,"minecraft:water_bucket":1,"minecraft:bread":51,"minecraft:oxidized_cut_copper":1,"minecraft:diamond_leggings":1,"ironchest:gold_chest":5,"minecraft:cobblestone":8,"minecraft:granite":3,"minecraft:chainmail_helmet":2,"minecraft:polished_blackstone_button":1,"minecraft:stick":9,"minecraft:polished_andesite":2,"luminousworld:black_patterned_ish_bricks":128,"minecraft:mud_brick_wall":11,"minecraft:golden_carrot":3,"minecraft:oak_stairs":2,"minecraft:string":1,"minecraft:gray_carpet":12,"minecraft:stone_sword":1,"minecraft:iron_boots":1,"minecraft:stripped_acacia_wood":4,"minecraft:waxed_exposed_cut_copper":1,"luminousworld:yellow_grassflowers":4,"minecraft:copper_ore":1,"minecraft:diamond_sword":1,"securitycraft:universal_block_remover":1,"takesapillage:ravager_horn":20,"minecraft:mud_bricks":18,"minecraft:waxed_cut_copper":9,"minecraft:diamond_pickaxe":1,"minecraft:iron_chestplate":1,"minecraft:oak_sapling":1,"minecraft:waxed_oxidized_cut_copper":1,"minecraft:stone_bricks":2,"minecraft:brown_carpet":1,"tombstone:essence_of_undeath":1,"minecraft:stone_pickaxe":2,"minecraft:wooden_pickaxe":1,"iceandfire:sea_serpent_fang":2},"minecraft:killed":{"illagerinvasion:archivist":5,"born_in_chaos_v1:restless_spirit":2,"minecraft:spider":6,"iceandfire:stymphalian_bird":1,"illagerinvasion:basher":5,"born_in_chaos_v1:baby_skeleton_minion":2,"minecraft:skeleton":17,"luminousworld:dark_oak_skeleton":4,"alexsmobs:leafcutter_ant":2,"illagerinvasion:provoker":1,"born_in_chaos_v1:bonescaller":1,"minecraft:pig":10,"earthmobsmod:lobber_zombie":3,"undead_revamp2:theheavy":1,"illagerinvasion:alchemist":1,"minecraft:creeper":2,"minecraft:sheep":5,"minecraft:zombie":93,"born_in_chaos_v1:dread_hound":1,"born_in_chaos_v1:corpse_fly":4,"enemyexpansion:botfly":46,"born_in_chaos_v1:door_knight":1,"luminousworld:dark_oak_zombie":4,"iceandfire:sea_serpent":4,"minecraft:cow":8,"luminousworld:frostbitten_zombie":1,"minecraft:evoker":1,"undead_revamp2:thehunter":1,"undead_revamp2:theimmortal":2,"undead_revamp2:thegliter":2,"minecraft:vindicator":3,"illagerinvasion:marauder":1,"enemyexpansion:direwolf":6,"born_in_chaos_v1:maggot":24,"earthmobsmod:teacup_pig":2,"minecraft:drowned":1,"born_in_chaos_v1:corpse_fish":3,"undead_revamp2:sucker":2,"earthmobsmod:albino_cow":3,"minecraft:husk":13,"earthmobsmod:bouldering_zombie":1,"born_in_chaos_v1:baby_skeleton":2,"undead_revamp2:the_moonflower":9,"enemyexpansion:sprinter":3,"minecraft:ravager":9,"undead_revamp2:thesomnolence":2,"iceandfire:ghost":1,"enemyexpansion:huntsman":1,"enemyexpansion:slugger":25,"illagerinvasion:surrendered":12},"minecraft:killed_by":{"minecraft:evoker":1,"undead_revamp2:the_moonflower":1,"minecraft:ravager":6,"iceandfire:sea_serpent":1,"iceandfire:ice_dragon":1,"minecraft:zombie":9,"minecraft:player":2,"minecraft:enderman":1,"illagerinvasion:invoker":2,"iceandfire:gorgon":1,"minecraft:skeleton":4,"iceandfire:troll":1,"born_in_chaos_v1:maggot":1}},"DataVersion":3465}