{"stats":{"minecraft:used":{"quark:ancient_tome":1,"minecraft:shield":149,"minecraft:iron_sword":18,"ecologics:coconut_planks":18,"minecraft:rotten_flesh":3,"minecraft:iron_chestplate":1,"minecraft:jungle_planks":58,"vanillaplustools:iron_shovel":70,"friendsandfoes:totem_of_illusion":2,"minecraft:lantern":2,"minecraft:birch_sapling":7,"minecraft:iron_helmet":1,"minecraft:dark_oak_slab":3,"minecraft:item_frame":9,"minecraft:furnace":5,"minecraft:skeleton_skull":1,"minecraft:stone_pickaxe":27,"minecraft:gray_carpet":5,"minecraft:dark_oak_sign":1,"minecraft:oak_planks":20,"minecraft:wooden_pickaxe":8,"minecraft:diamond_axe":222,"minecraft:cookie":5,"minecraft:golden_apple":15,"minecraft:glow_berries":7,"alexscaves:cave_book":4,"minecraft:blast_furnace":5,"minecraft:shears":18,"minecraft:black_terracotta":1,"minecraft:acacia_door":2,"minecraft:melon_slice":70,"minecraft:bread":66,"minecraft:cyan_bed":6,"tombstone:grave_key":1,"minecraft:diamond_sword":961,"minecraft:bone_meal":48,"quark:birch_chest":4,"minecraft:stone_sword":46,"twilightforest:castle_brick":312,"minecraft:torch":132,"minecraft:dirt":286,"minecraft:anvil":2,"minecraft:granite":4,"minecraft:iron_hoe":54,"minecraft:dark_oak_planks":14,"minecraft:slime_block":2,"stalwart_dungeons:diamond_hammer":194,"minecraft:iron_boots":1,"minecraft:mud_bricks":4,"minecraft:melon_seeds":7,"minecraft:barrel":1,"minecraft:golden_carrot":3,"minecraft:black_stained_glass":1,"ecologics:coconut_boat":1,"tombstone:gift":7,"minecraft:cobbled_deepslate":30,"minecraft:wheat_seeds":34,"alexsmobs:cooked_catfish":1,"minecraft:water_bucket":65,"minecraft:birch_planks":96,"minecraft:waxed_oxidized_cut_copper":1,"minecraft:birch_boat":3,"minecraft:stonecutter":2,"minecraft:glow_item_frame":2,"luminousworld:black_patterned_ish_bricks":867,"luminousworld:white_petunias":5,"minecraft:crafting_table":11,"minecraft:cake":1,"minecraft:smoker":3,"tombstone:bag_of_seeds":1,"minecraft:diamond_pickaxe":1760,"minecraft:diamond_shovel":644,"minecraft:stone_axe":135,"minecraft:potion":2,"minecraft:cobblestone":83,"minecraft:bucket":66,"quark:oak_chest":34,"alexsmobs:animal_dictionary":3},"minecraft:custom":{"minecraft:interact_with_crafting_table":45,"minecraft:open_barrel":57,"minecraft:eat_cake_slice":3,"minecraft:leave_game":5,"minecraft:time_since_death":11460,"minecraft:sprint_one_cm":771033,"minecraft:damage_blocked_by_shield":5090,"minecraft:drop":178,"minecraft:play_noteblock":1,"minecraft:talked_to_villager":4,"minecraft:play_time":487254,"minecraft:deaths":12,"minecraft:jump":3661,"minecraft:walk_on_water_one_cm":66464,"minecraft:interact_with_furnace":13,"minecraft:interact_with_loom":1,"minecraft:sleep_in_bed":7,"minecraft:damage_dealt":53123,"minecraft:crouch_one_cm":31177,"tombstone:undead_killed":111,"tombstone:villager_killed":1,"minecraft:interact_with_smoker":5,"minecraft:interact_with_smithing_table":1,"minecraft:interact_with_anvil":7,"minecraft:mob_kills":240,"minecraft:damage_dealt_resisted":402,"minecraft:climb_one_cm":21786,"minecraft:walk_one_cm":1457933,"minecraft:sneak_time":13555,"minecraft:walk_under_water_one_cm":36101,"minecraft:boat_one_cm":150361,"minecraft:interact_with_blast_furnace":5,"minecraft:total_world_time":487254,"tombstone:raider_killed":26,"minecraft:tune_noteblock":32,"minecraft:interact_with_stonecutter":4,"minecraft:time_since_rest":11231,"minecraft:damage_taken":9138,"minecraft:damage_absorbed":592,"minecraft:trigger_trapped_chest":4,"minecraft:swim_one_cm":60342,"minecraft:fly_one_cm":504907,"minecraft:open_chest":294,"minecraft:fall_one_cm":74768},"minecraft:broken":{"minecraft:iron_boots":1,"minecraft:diamond_pickaxe":1,"minecraft:stone_axe":1,"aether:iron_gloves":1,"minecraft:shield":2,"minecraft:iron_helmet":1},"minecraft:crafted":{"minecraft:smooth_stone":1,"minecraft:oak_planks":280,"quark:birch_chest":4,"minecraft:birch_boat":1,"minecraft:stone":7,"minecraft:diamond_helmet":2,"minecraft:melon_seeds":7,"alexsmobs:cooked_catfish":2,"minecraft:item_frame":6,"minecraft:emerald":36,"minecraft:diamond_axe":1,"minecraft:crafting_table":8,"minecraft:wooden_pickaxe":1,"minecraft:iron_helmet":2,"minecraft:birch_planks":244,"minecraft:diamond_pickaxe":1,"minecraft:shield":3,"quark:oak_chest":30,"minecraft:stick":160,"minecraft:stone_sword":1,"minecraft:gold_ingot":9,"minecraft:shears":1,"ecologics:coconut_planks":28,"vanillaplustools:iron_shovel":1,"minecraft:furnace":4,"stalwart_dungeons:diamond_hammer":1,"minecraft:bone_meal":48,"minecraft:diamond":27,"minecraft:iron_hoe":1,"minecraft:stone_pickaxe":2,"minecraft:diamond_boots":1,"minecraft:dark_oak_planks":16,"ecologics:coconut_boat":1,"luminousworld:autumnplank":24,"sophisticatedbackpacks:gold_backpack":1,"minecraft:bucket":1,"minecraft:stone_axe":1,"minecraft:bread":5,"minecraft:air":0,"minecraft:jungle_planks":80,"minecraft:black_stained_glass":2,"minecraft:iron_shovel":9,"minecraft:stonecutter":1,"minecraft:torch":148,"minecraft:diamond_chestplate":1},"minecraft:picked_up":{"minecraft:wheat":33,"minecraft:iron_chestplate":4,"minecraft:birch_door":1,"minecraft:black_carpet":2,"minecraft:chainmail_boots":1,"illagerinvasion:platinum_chunk":3,"minecraft:anvil":1,"minecraft:smithing_table":1,"minecraft:lead":2,"minecraft:diamond_sword":2,"enemyexpansion:wasp_thorax":1,"minecraft:potion":2,"minecraft:enchanted_book":5,"minecraft:brewing_stand":1,"iceandfire:manuscript":2,"minecraft:string":14,"minecraft:raw_copper":22,"minecraft:red_nether_bricks":1,"minecraft:diamond_leggings":1,"minecraft:smooth_stone":3,"minecraft:cobbled_deepslate":350,"minecraft:bucket":2,"minecraft:waxed_exposed_cut_copper":4,"minecraft:rose_bush":1,"minecraft:ender_eye":2,"minecraft:calcite":1,"quark:black_shard":11,"minecraft:melon_slice":147,"minecraft:furnace":2,"minecraft:iron_boots":2,"minecraft:stick":9,"born_in_chaos_v1:shattered_skull":1,"minecraft:birch_trapdoor":1,"minecraft:torch":19,"quark:blossom_log":7,"minecraft:diorite":4,"ironchest:gold_chest":2,"tombstone:grave_dust":12,"minecraft:goat_horn":1,"quark:ancient_tome":2,"luminousworld:black_patterned_ish_bricks":411,"luminousworld:grassflowers":1,"minecraft:stone_sword":1,"minecraft:cactus":2,"minecraft:rotten_flesh":49,"ecologics:coconut_log":7,"supplementaries:ash":62,"minecraft:obsidian":3,"undead_revamp2:arapholia":1,"minecraft:cobblestone":987,"minecraft:birch_log":88,"minecraft:cooked_beef":4,"minecraft:jungle_log":20,"minecraft:brown_wool":4,"minecraft:smoker":3,"artifacts:thorn_pendant":1,"minecraft:potato":39,"minecraft:tuff":30,"supplementaries:flax_seeds":5,"minecraft:lapis_lazuli":107,"minecraft:dirt":1167,"born_in_chaos_v1:marigolds":6,"minecraft:bone":26,"minecraft:stonecutter":1,"minecraft:bow":1,"minecraft:wheat_seeds":76,"minecraft:raw_gold":29,"minecraft:dark_oak_sign":1,"minecraft:moss_block":2,"minecraft:black_terracotta":2,"minecraft:cooked_porkchop":2,"minecraft:sand":3,"minecraft:jungle_planks":3,"sophisticatedbackpacks:iron_backpack":1,"minecraft:diamond_block":1,"minecraft:cyan_bed":6,"minecraft:dark_oak_log":4,"minecraft:barrel":1,"minecraft:iron_hoe":5,"minecraft:diamond":5,"minecraft:slime_block":2,"minecraft:lever":1,"minecraft:polished_blackstone_button":2,"minecraft:granite":4,"minecraft:golden_apple":16,"minecraft:emerald":14,"minecraft:chainmail_helmet":3,"minecraft:bread":46,"iceandfire:raw_silver":19,"minecraft:diamond_pickaxe":1,"born_in_chaos_v1:diamond_termite_shard":2,"minecraft:waxed_oxidized_cut_copper":3,"minecraft:cocoa_beans":5,"minecraft:crafting_table":4,"minecraft:clay_ball":12,"luminousworld:decorative_brown_2":1,"iceandfire:witherbone":1,"born_in_chaos_v1:river_mint":7,"minecraft:leather_leggings":3,"minecraft:wooden_pickaxe":1,"friendsandfoes:totem_of_illusion":2,"minecraft:gold_block":1,"minecraft:moss_carpet":6,"minecraft:acacia_door":3,"minecraft:compass":1,"minecraft:item_frame":3,"minecraft:iron_shovel":1,"takesapillage:ravager_horn":3,"minecraft:jungle_sapling":2,"minecraft:iron_nugget":18,"minecraft:poppy":2,"minecraft:sugar_cane":17,"minecraft:birch_sapling":17,"minecraft:raw_iron":34,"luminousworld:blue_petunias":2,"minecraft:copper_ingot":1,"minecraft:glow_item_frame":3,"minecraft:cookie":15,"luminousworld:raw_squirrel":2,"minecraft:carrot":1,"minecraft:redstone":66,"minecraft:dark_oak_planks":39,"minecraft:tnt":1,"minecraft:arrow":33,"minecraft:pumpkin_pie":1,"minecraft:golden_hoe":1,"minecraft:shears":1,"minecraft:hay_block":7,"artifacts:cross_necklace":1,"minecraft:totem_of_undying":1,"minecraft:glow_berries":1,"minecraft:bone_block":15,"minecraft:skeleton_skull":3,"minecraft:white_wool":8,"born_in_chaos_v1:fused_bone":2,"born_in_chaos_v1:corpse_maggot":7,"minecraft:mud_bricks":5,"minecraft:golden_carrot":3,"luminousworld:ishstone":2,"minecraft:leather":9,"minecraft:birch_planks":3,"minecraft:packed_mud":1,"minecraft:oak_log":75,"stalwart_dungeons:diamond_hammer":4,"minecraft:gunpowder":10,"minecraft:paper":3,"minecraft:red_carpet":2,"minecraft:red_nether_brick_stairs":1,"minecraft:stone_bricks":6,"minecraft:gray_carpet":10,"minecraft:acacia_trapdoor":6,"minecraft:iron_ingot":1,"minecraft:stone_pickaxe":3,"minecraft:cooked_chicken":2,"tombstone:bag_of_seeds":4,"minecraft:glass_bottle":4,"luminousworld:white_petunias":8,"minecraft:iron_sword":2,"minecraft:book":89,"minecraft:dark_oak_slab":3,"luminousworld:clovers_1":10,"minecraft:birch_boat":3,"minecraft:chiseled_stone_bricks":4,"minecraft:dandelion":1,"minecraft:gravel":3,"minecraft:blast_furnace":4,"minecraft:white_bed":1,"quark:oak_chest":4,"minecraft:dark_oak_fence_gate":1,"illagerinvasion:illusionary_dust":1,"minecraft:spider_eye":2,"alexsmobs:raw_catfish":2,"minecraft:diamond_shovel":1,"minecraft:stone_axe":1,"minecraft:iron_helmet":3,"minecraft:gray_wool":12,"tombstone:magic_scroll":2,"minecraft:baked_potato":39,"twilightforest:castle_brick":194,"minecraft:coal":53},"minecraft:mined":{"luminousworld:white_petunias":8,"minecraft:dark_oak_planks":26,"minecraft:white_bed":1,"quark:cherry_chest":1,"quark:yellow_blossom_leaves":8,"minecraft:black_terracotta":2,"minecraft:jungle_leaves":2,"minecraft:red_nether_bricks":1,"minecraft:brewing_stand":1,"minecraft:obsidian":4,"minecraft:grass_block":788,"minecraft:brown_wool":4,"minecraft:jungle_log":20,"minecraft:mud_bricks":4,"minecraft:mud_brick_wall":2,"minecraft:chiseled_stone_bricks":4,"minecraft:spawner":10,"minecraft:red_nether_brick_stairs":1,"minecraft:cobbled_deepslate":2,"minecraft:iron_ore":7,"minecraft:fire":51,"ironchest:gold_chest":2,"minecraft:black_carpet":4,"minecraft:anvil":1,"minecraft:deepslate_lapis_ore":14,"placeablesmod:empty_bucket_block":2,"minecraft:cave_vines":2,"minecraft:dirt_path":1,"luminousworld:decorative_brown_2":1,"minecraft:waxed_cut_copper_stairs":2,"minecraft:waxed_cut_copper":6,"minecraft:deepslate_redstone_ore":15,"minecraft:red_bed":1,"luminousworld:birchtreemushrooms":1,"supplementaries:book_pile":1,"minecraft:smoker":3,"luminousworld:black_patterned_ish_bricks":27,"twilightforest:castle_brick":2,"born_in_chaos_v1:infected_deepslate_diamond_ore":1,"minecraft:clay":3,"minecraft:torch":2,"minecraft:blast_furnace":4,"minecraft:calcite":1,"minecraft:poppy":2,"minecraft:melon":26,"iceandfire:ghost_chest":1,"quark:blossom_log":7,"minecraft:cobblestone":41,"minecraft:slime_block":2,"minecraft:cyan_bed":6,"minecraft:sugar_cane":6,"placeablesmod:bread_full_block":3,"minecraft:wall_torch":9,"minecraft:skeleton_skull":3,"minecraft:birch_log":91,"minecraft:wheat":7,"minecraft:birch_trapdoor":1,"born_in_chaos_v1:river_mint":1,"minecraft:birch_door":1,"minecraft:tnt":2,"quark:glow_shroom":1,"minecraft:grass":70,"minecraft:oak_log":77,"minecraft:sand":3,"minecraft:dirt":376,"luminousworld:grassvariant_3":14,"minecraft:stonecutter":1,"minecraft:oak_leaves":8,"minecraft:deepslate":504,"minecraft:tuff":59,"minecraft:red_carpet":1,"iceandfire:silver_ore":18,"minecraft:mossy_cobblestone":5,"luminousworld:grassvariant_4":23,"minecraft:deepslate_diamond_ore":3,"minecraft:dark_oak_log":4,"minecraft:lever":1,"luminousworld:clovers_4":2,"minecraft:jungle_planks":3,"iceandfire:deepslate_silver_ore":1,"alexsmobs:leafcutter_ant_chamber":2,"luminousworld:grassvariant_2":36,"ecologics:coconut_log":9,"minecraft:moss_block":2,"minecraft:hay_block":7,"minecraft:packed_mud":1,"minecraft:waxed_oxidized_cut_copper":4,"minecraft:furnace":2,"minecraft:gold_block":1,"minecraft:polished_deepslate":1,"minecraft:bookshelf":30,"minecraft:deepslate_iron_ore":25,"minecraft:vine":13,"luminousworld:clovers_3":1,"minecraft:stone":979,"minecraft:white_wool":8,"minecraft:smithing_table":1,"minecraft:mud_brick_slab":1,"minecraft:oak_slab":2,"minecraft:light_gray_carpet":1,"minecraft:flowering_azalea":1,"minecraft:glass_pane":2,"born_in_chaos_v1:marigolds":6,"quark:oak_chest":4,"minecraft:dandelion":1,"minecraft:oak_fence":3,"minecraft:crafting_table":4,"minecraft:rose_bush":1,"minecraft:copper_ore":6,"minecraft:tall_grass":11,"minecraft:deepslate_gold_ore":29,"minecraft:diorite":5,"minecraft:birch_planks":3,"minecraft:gray_wool":12,"minecraft:black_stained_glass":5,"minecraft:cactus":1,"minecraft:birch_leaves":31,"luminousworld:clovers_5":1,"minecraft:coal_ore":14,"minecraft:gravel":3,"minecraft:cyan_carpet":2,"minecraft:acacia_door":1,"minecraft:gray_carpet":7,"minecraft:cobweb":7,"minecraft:stripped_acacia_wood":2,"minecraft:stone_bricks":6,"minecraft:small_dripleaf":1,"minecraft:iron_trapdoor":1},"minecraft:dropped":{"minecraft:moss_block":2,"luminousworld:yellowpetunias":1,"minecraft:glass_bottle":8,"luminousworld:white_petunias":3,"minecraft:glow_berries":4,"minecraft:glow_item_frame":2,"minecraft:red_carpet":2,"minecraft:item_frame":2,"minecraft:packed_mud":1,"minecraft:dirt":2,"tombstone:bag_of_seeds":1,"artifacts:thorn_pendant":1,"minecraft:jungle_sapling":2,"alexsmobs:cooked_catfish":1,"minecraft:acacia_door":1,"minecraft:birch_log":6,"luminousworld:decorative_brown_2":1,"luminousworld:clovers_1":6,"minecraft:bone":3,"quark:ancient_tome":1,"quark:black_shard":3,"minecraft:stone_axe":1,"minecraft:lever":1,"minecraft:iron_nugget":5,"minecraft:black_carpet":2,"minecraft:birch_sapling":6,"minecraft:black_terracotta":1,"minecraft:rotten_flesh":4,"minecraft:chiseled_stone_bricks":2,"minecraft:poppy":4,"supplementaries:ash":2,"luminousworld:grassflowers":1,"minecraft:birch_trapdoor":1,"born_in_chaos_v1:corpse_maggot":1,"minecraft:birch_door":1,"minecraft:leather_leggings":3,"minecraft:red_nether_bricks":1,"born_in_chaos_v1:marigolds":4,"minecraft:enchanted_book":1,"minecraft:iron_ingot":96,"minecraft:bread":2,"minecraft:wheat_seeds":15,"minecraft:iron_helmet":3,"minecraft:book":1,"minecraft:chainmail_helmet":3,"minecraft:polished_blackstone_button":2,"minecraft:acacia_trapdoor":6,"luminousworld:black_patterned_ish_bricks":256,"minecraft:mud_brick_wall":3,"born_in_chaos_v1:river_mint":6,"minecraft:melon_slice":16,"minecraft:rose_bush":1,"minecraft:diamond_helmet":2,"minecraft:potion":1,"minecraft:cactus":2,"minecraft:string":6,"minecraft:gray_carpet":5,"minecraft:dandelion":1,"minecraft:moss_carpet":5,"ecologics:coconut_planks":1,"minecraft:stone_sword":2,"minecraft:cocoa_beans":5,"minecraft:iron_boots":1,"minecraft:iron_hoe":2,"twilightforest:castle_brick":192,"minecraft:waxed_exposed_cut_copper":4,"minecraft:shears":1,"minecraft:red_nether_brick_stairs":1,"minecraft:mud_bricks":1,"minecraft:iron_chestplate":3,"minecraft:waxed_oxidized_cut_copper":2,"minecraft:bow":1,"luminousworld:blue_petunias":2,"minecraft:stone_pickaxe":5,"minecraft:wooden_pickaxe":2,"minecraft:calcite":1,"minecraft:vex_armor_trim_smithing_template":2},"minecraft:killed":{"illagerinvasion:archivist":1,"minecraft:cave_spider":3,"minecraft:witch":1,"born_in_chaos_v1:skeleton_demoman":1,"minecraft:spider":2,"born_in_chaos_v1:siamese_skeletonsright":2,"undead_revamp2:theswarmer":1,"born_in_chaos_v1:baby_skeleton_minion":1,"illagerinvasion:basher":4,"minecraft:skeleton":28,"minecraft:bee":1,"luminousworld:dark_oak_skeleton":2,"alexsmobs:leafcutter_ant":1,"illagerinvasion:provoker":3,"undead_revamp2:therod":1,"minecraft:illusioner":2,"enemyexpansion:vampflyer":1,"artifacts:mimic":2,"illagerinvasion:necromancer":1,"born_in_chaos_v1:bonescaller":1,"born_in_chaos_v1:diamond_termite":3,"illagerinvasion:alchemist":1,"minecraft:creeper":4,"minecraft:trader_llama":2,"minecraft:zombie":26,"alexsmobs:terrapin":2,"born_in_chaos_v1:corpse_fly":1,"luminousworld:grey_squirrel":2,"enemyexpansion:botfly":5,"born_in_chaos_v1:door_knight":1,"luminousworld:dark_oak_zombie":3,"born_in_chaos_v1:siamese_skeletonsleft":2,"enemyexpansion:wasp":1,"minecraft:cow":4,"minecraft:evoker":1,"minecraft:vex":2,"undead_revamp2:thehunter":1,"undead_revamp2:thegliter":3,"minecraft:vindicator":4,"illagerinvasion:marauder":1,"enemyexpansion:direwolf":8,"naturalist:duck":1,"luminousworld:yellow_swallowtail":1,"born_in_chaos_v1:maggot":16,"naturalist:coral_snake":1,"undead_revamp2:thebidy":1,"undead_revamp2:sucker":2,"minecraft:husk":18,"born_in_chaos_v1:baby_skeleton":1,"undead_revamp2:the_moonflower":5,"enemyexpansion:sprinter":1,"minecraft:wandering_trader":1,"minecraft:frog":1,"minecraft:ravager":7,"born_in_chaos_v1:decrepit_skeleton":1,"alexsmobs:catfish":1,"undead_revamp2:thesomnolence":1,"iceandfire:ghost":3,"minecraft:wither_skeleton":5},"minecraft:killed_by":{"undead_revamp2:the_moonflower":1,"minecraft:ravager":5,"minecraft:zombie":3,"minecraft:skeleton":1}},"DataVersion":3465}