{"stats":{"minecraft:used":{"minecraft:polished_blackstone":2,"iceandfire:dragon_skull_ice":4,"ecologics:coconut_planks":18,"minecraft:rotten_flesh":3,"cataclysm:infernal_forge":66,"friendsandfoes:totem_of_illusion":3,"minecraft:birch_sapling":7,"minecraft:dark_oak_slab":3,"ad_astra:oxygen_loader":1,"minecraft:bow":58,"supplementaries:ash":1,"minecraft:furnace":5,"iceandfire:troll_weapon_hammer":11,"minecraft:diorite":1,"minecraft:leather_leggings":1,"minecraft:blackstone":1,"iceandfire:dragonbone_sword_ice":1711,"minecraft:wooden_pickaxe":8,"tombstone:scroll_of_true_sight":1,"minecraft:cookie":15,"minecraft:golden_apple":22,"minecraft:glow_berries":9,"minecraft:sand":23,"minecraft:blast_furnace":6,"minecraft:smooth_red_sandstone":1,"securitycraft:universal_block_remover":3,"minecraft:red_sandstone":5,"born_in_chaos_v1:monster_flesh":1,"minecraft:diamond_sword":2092,"ad_astra:fuel_refinery":1,"minecraft:polished_blackstone_brick_slab":2,"minecraft:stone_sword":46,"minecraft:netherrack":365,"minecraft:torch":547,"minecraft:anvil":2,"tombstone:ankh_of_pray":9,"minecraft:slime_block":2,"stalwart_dungeons:diamond_hammer":311,"minecraft:smooth_quartz":1,"minecraft:mud_bricks":4,"minecraft:totem_of_undying":1,"minecraft:barrel":1,"minecraft:melon_seeds":7,"minecraft:basalt":2,"ecologics:coconut_boat":2,"tombstone:gift":14,"minecraft:cobbled_deepslate":182,"alexsmobs:cooked_catfish":1,"minecraft:water_bucket":169,"minecraft:wheat_seeds":34,"minecraft:birch_planks":297,"minecraft:waxed_oxidized_cut_copper":1,"minecraft:polished_blackstone_bricks":7,"minecraft:salmon":6,"luminousworld:black_patterned_ish_bricks":872,"minecraft:crafting_table":21,"supplementaries:bomb":1,"minecraft:white_bed":1,"minecraft:cake":1,"ad_astra:nasa_workbench":1,"minecraft:diamond_pickaxe":4555,"minecraft:diamond_shovel":772,"tombstone:magic_scroll":12,"minecraft:cobblestone":299,"minecraft:potion":3,"minecraft:cooked_porkchop":32,"quark:oak_chest":34,"tombstone:scroll_of_unstable_intangibility":1,"iceandfire:tide_trident":27,"quark:ancient_tome":1,"minecraft:shield":375,"minecraft:iron_sword":191,"minecraft:player_head":4,"minecraft:green_terracotta":24,"minecraft:iron_chestplate":1,"minecraft:oxidized_cut_copper":7,"minecraft:jungle_planks":58,"minecraft:nether_bricks":6,"minecraft:carrot":8,"minecraft:tuff":1,"iceandfire:chain":1,"minecraft:obsidian":1,"vanillaplustools:iron_shovel":70,"minecraft:cyan_terracotta":2,"minecraft:lantern":4,"minecraft:iron_helmet":2,"minecraft:item_frame":10,"undead_revamp2:cloogerribs":74,"tombstone:decorative_grave_normal":13,"quark:blossom_chest":2,"minecraft:magma_block":7,"minecraft:written_book":2,"minecraft:skeleton_skull":1,"ad_astra:etrionic_blast_furnace":1,"minecraft:diamond_boots":1,"minecraft:stone_pickaxe":27,"minecraft:gray_carpet":5,"minecraft:dark_oak_sign":1,"minecraft:oak_planks":20,"ad_astra:compressor":1,"minecraft:diamond_axe":385,"vanillaplustools:diamond_hammer":220,"alexscaves:cave_book":4,"minecraft:shears":18,"minecraft:cobbled_deepslate_stairs":22,"minecraft:black_terracotta":1,"ad_astra:oil_bucket":2,"tombstone:grave_key":10,"minecraft:acacia_door":2,"minecraft:melon_slice":123,"minecraft:bread":186,"minecraft:cyan_bed":6,"tombstone:familiar_stone":14,"iceandfire:dragon_skull_fire":3,"minecraft:grindstone":1,"minecraft:bone_meal":48,"quark:birch_chest":4,"minecraft:spruce_planks":2,"securitycraft:reinforced_cobblestone_slab":3,"twilightforest:castle_brick":312,"minecraft:dirt":353,"minecraft:hopper":5,"minecraft:granite":4,"iceandfire:tide_green_chestplate":2,"minecraft:iron_hoe":54,"minecraft:dark_oak_planks":18,"iceandfire:dragon_bone_wall":1,"minecraft:iron_boots":1,"alexscaves:spelunkery_table":1,"minecraft:light_gray_wool":2,"minecraft:golden_carrot":3,"minecraft:black_stained_glass":1,"minecraft:lime_stained_glass":17,"minecraft:deepslate_tile_stairs":26,"ironchest:gold_chest":5,"minecraft:cooked_beef":24,"endrem:cryptic_eye":1,"tombstone:scroll_of_knowledge":1,"minecraft:baked_potato":28,"minecraft:red_nether_bricks":2,"minecraft:birch_boat":12,"minecraft:stonecutter":2,"minecraft:cobblestone_slab":19,"minecraft:glow_item_frame":2,"tombstone:scroll_of_feather_fall":1,"luminousworld:white_petunias":5,"tombstone:tablet_of_home":3,"minecraft:painting":20,"minecraft:smoker":4,"tombstone:bag_of_seeds":4,"iceandfire:dragonbone_bow":180,"minecraft:stone_axe":135,"minecraft:fishing_rod":58,"minecraft:bucket":325,"minecraft:pumpkin_pie":16,"alexsmobs:animal_dictionary":3,"minecraft:splash_potion":3},"minecraft:custom":{"minecraft:interact_with_crafting_table":131,"minecraft:open_barrel":136,"minecraft:eat_cake_slice":3,"minecraft:leave_game":15,"minecraft:time_since_death":423,"minecraft:damage_blocked_by_shield":14959,"minecraft:play_time":1276624,"minecraft:deaths":27,"minecraft:jump":11556,"minecraft:enchant_item":8,"minecraft:interact_with_furnace":22,"minecraft:sleep_in_bed":12,"minecraft:damage_dealt":245936,"tombstone:revive_familiar":1,"tombstone:use_disenchantment":7,"tombstone:undead_killed":941,"minecraft:interact_with_smoker":9,"minecraft:inspect_dispenser":1,"minecraft:interact_with_smithing_table":4,"minecraft:interact_with_anvil":41,"minecraft:inspect_hopper":1,"minecraft:damage_dealt_absorbed":1200,"minecraft:sneak_time":45189,"minecraft:interact_with_lectern":5,"minecraft:interact_with_blast_furnace":12,"minecraft:total_world_time":1276624,"tombstone:raider_killed":63,"minecraft:tune_noteblock":32,"minecraft:interact_with_stonecutter":5,"tombstone:pray_on_grave":2,"minecraft:time_since_rest":1,"tombstone:cast_on_ally":1,"minecraft:swim_one_cm":741082,"minecraft:fly_one_cm":1707098,"minecraft:open_chest":1254,"minecraft:fall_one_cm":262068,"minecraft:damage_resisted":349,"minecraft:sprint_one_cm":2257491,"minecraft:drop":453,"minecraft:play_noteblock":3,"minecraft:talked_to_villager":7,"minecraft:interact_with_brewingstand":1,"minecraft:walk_on_water_one_cm":518299,"minecraft:interact_with_loom":18,"minecraft:open_enderchest":1,"minecraft:player_kills":3,"minecraft:crouch_one_cm":124646,"tombstone:villager_killed":1,"minecraft:mob_kills":1550,"minecraft:interact_with_campfire":1,"minecraft:damage_dealt_resisted":4094,"minecraft:climb_one_cm":78451,"minecraft:walk_one_cm":3585894,"tombstone:consume_soul":8,"minecraft:walk_under_water_one_cm":238041,"minecraft:boat_one_cm":707686,"minecraft:interact_with_grindstone":6,"minecraft:damage_taken":33351,"minecraft:damage_absorbed":927,"minecraft:trigger_trapped_chest":11},"minecraft:killed":{"illagerinvasion:archivist":11,"luminousworld:miner_zombie":2,"minecraft:cave_spider":4,"born_in_chaos_v1:zombie_lumberjack":2,"born_in_chaos_v1:skeleton_demoman":1,"undead_revamp2:clogger":2,"born_in_chaos_v1:siamese_skeletonsright":2,"undead_revamp2:theswarmer":1,"born_in_chaos_v1:baby_skeleton_minion":2,"illagerinvasion:basher":8,"minecraft:skeleton":145,"undead_revamp2:deadclogger":2,"luminousworld:dark_oak_skeleton":7,"alexsmobs:leafcutter_ant":1,"born_in_chaos_v1:skeleton_thrasher":2,"alexsmobs:straddler":3,"undead_revamp2:thespitter":1,"enemyexpansion:vampflyer":2,"illagerinvasion:necromancer":1,"minecraft:magma_cube":23,"born_in_chaos_v1:bone_imp":1,"illagerinvasion:invoker":1,"enemyexpansion:meature":1,"minecraft:zombie":393,"enemyexpansion:vampire":2,"born_in_chaos_v1:corpse_fly":3,"enemyexpansion:botfly":96,"born_in_chaos_v1:door_knight":3,"iceandfire:sea_serpent":1,"minecraft:cow":6,"enemyexpansion:trollenraged":1,"minecraft:evoker":2,"eeeabsmobs:corpse_villager":8,"undead_revamp2:thehunter":3,"enemyexpansion:invisicreeper":1,"minecraft:vindicator":12,"illagerinvasion:marauder":1,"enemyexpansion:goblin_fear":1,"undead_revamp2:bomber":2,"born_in_chaos_v1:thornshell_crab":1,"naturalist:duck":1,"luminousworld:yellow_swallowtail":2,"born_in_chaos_v1:firelight":5,"endermanoverhaul:crimson_forest_enderman":1,"naturalist:coral_snake":1,"born_in_chaos_v1:dire_hound_leader":1,"enemyexpansion:faller":1,"iceandfire:siren":3,"undead_revamp2:thebidy":1,"born_in_chaos_v1:barrel_zombie":1,"minecraft:husk":24,"earthmobsmod:bouldering_zombie":2,"iceandfire:cyclops":2,"undead_revamp2:the_moonflower":10,"eeeabsmobs:corpse_to_player":1,"enemyexpansion:sprinter":1,"minecraft:wandering_trader":1,"minecraft:frog":2,"minecraft:ravager":7,"born_in_chaos_v1:decrepit_skeleton":3,"alexsmobs:catfish":1,"undead_revamp2:thesomnolence":4,"alexsmobs:crocodile":1,"iceandfire:ghost":5,"born_in_chaos_v1:dark_vortex":3,"iceandfire:ice_dragon":1,"minecraft:witch":2,"minecraft:spider":9,"cataclysm:netherite_monstrosity":1,"quark:forgotten":1,"minecraft:bee":1,"illagerinvasion:provoker":8,"undead_revamp2:therod":3,"minecraft:illusioner":3,"minecraft:piglin_brute":5,"artifacts:mimic":2,"minecraft:piglin":2,"born_in_chaos_v1:bonescaller":2,"minecraft:zombie_villager":1,"born_in_chaos_v1:diamond_termite":7,"earthmobsmod:lobber_zombie":7,"alexsmobs:stradpole":2,"illagerinvasion:alchemist":1,"minecraft:strider":1,"minecraft:creeper":6,"alexsmobs:crimson_mosquito":11,"minecraft:sheep":1,"minecraft:trader_llama":2,"cataclysm:deepling_brute":1,"born_in_chaos_v1:dread_hound":14,"luminousworld:grey_squirrel":2,"alexsmobs:terrapin":2,"illagerinvasion:sorcerer":1,"minecraft:ghast":3,"iceandfire:pixie":1,"luminousworld:dark_oak_zombie":10,"minecraft:blaze":12,"born_in_chaos_v1:siamese_skeletonsleft":2,"enemyexpansion:wasp":1,"minecraft:vex":2,"undead_revamp2:thegliter":4,"enemyexpansion:direwolf":17,"born_in_chaos_v1:maggot":122,"minecraft:phantom":6,"luminousworld:monarch":1,"born_in_chaos_v1:corpse_fish":2,"undead_revamp2:sucker":4,"enemyexpansion:goblin":2,"born_in_chaos_v1:baby_skeleton":2,"iceandfire:troll":5,"minecraft:bat":1,"minecraft:hoglin":18,"enemyexpansion:crawler":1,"enemyexpansion:huntsman":1,"eeeabsmobs:corpse":4,"minecraft:wither_skeleton":168,"illagerinvasion:surrendered":4,"enemyexpansion:slugger":91},"minecraft:broken":{"minecraft:diamond_helmet":1,"minecraft:iron_boots":1,"minecraft:diamond_pickaxe":1,"minecraft:diamond_leggings":2,"aether:iron_gloves":4,"minecraft:shield":6,"minecraft:iron_helmet":3,"minecraft:diamond_boots":2,"minecraft:stone_axe":1,"minecraft:diamond_sword":1,"minecraft:diamond_chestplate":1},"minecraft:killed_by":{"undead_revamp2:the_moonflower":1,"minecraft:ravager":5,"minecraft:zombie":7,"illagerinvasion:invoker":2,"minecraft:wither_skeleton":2,"iceandfire:fire_dragon":1,"minecraft:player":1,"minecraft:skeleton":4},"minecraft:picked_up":{"minecraft:birch_door":1,"minecraft:iron_chestplate":7,"minecraft:chainmail_boots":4,"iceandfire:copper_sword":1,"minecraft:anvil":2,"minecraft:prismarine_shard":8,"minecraft:smithing_table":1,"minecraft:lead":2,"minecraft:diamond_sword":2,"minecraft:oak_stairs":1,"minecraft:enchanted_book":5,"minecraft:birch_button":1,"minecraft:brewing_stand":1,"securitycraft:reinforced_cobblestone_slab":3,"iceandfire:manuscript":2,"minecraft:string":37,"minecraft:red_nether_bricks":3,"minecraft:shroomlight":3,"minecraft:diamond_leggings":1,"minecraft:gold_nugget":19,"minecraft:cobbled_deepslate":503,"minecraft:spruce_planks":13,"minecraft:waxed_exposed_cut_copper":4,"minecraft:netherite_upgrade_smithing_template":1,"minecraft:melon_slice":229,"minecraft:coal_block":7,"minecraft:golden_helmet":1,"minecraft:polished_blackstone_brick_slab":5,"minecraft:polished_blackstone_stairs":1,"born_in_chaos_v1:shattered_skull":2,"minecraft:big_dripleaf":5,"quark:blossom_log":7,"minecraft:cherry_log":3,"ironchest:gold_chest":7,"minecraft:deepslate_tile_stairs":5,"ad_astra:space_boots":1,"undead_revamp2:cloogerribs":74,"luminousworld:black_patterned_ish_bricks":416,"luminousworld:grassflowers":1,"minecraft:stone_sword":3,"iceandfire:fire_dragon_heart":1,"minecraft:cyan_terracotta":2,"ad_astra:etrionic_blast_furnace":1,"supplementaries:ash":249,"minecraft:iron_bars":1,"minecraft:birch_log":122,"minecraft:magma_block":45,"minecraft:cooked_beef":11,"minecraft:water_bucket":7,"minecraft:jungle_log":21,"minecraft:brown_wool":4,"artifacts:thorn_pendant":1,"minecraft:smoker":5,"minecraft:lantern":1,"born_in_chaos_v1:marigolds":9,"iceandfire:ice_dragon_blood":1,"minecraft:stonecutter":1,"minecraft:dark_oak_sign":13,"minecraft:glowstone_dust":2,"minecraft:moss_block":15,"luminousworld:bass_item":16,"iceandfire:dragonscales_sapphire":26,"minecraft:stripped_acacia_wood":1,"iceandfire:dragon_skull_fire":3,"iceandfire:shiny_scales":10,"sophisticatedbackpacks:iron_backpack":1,"minecraft:dark_oak_log":4,"minecraft:red_terracotta":5,"minecraft:barrel":1,"securitycraft:universal_block_remover":1,"minecraft:bundle":7,"minecraft:iron_hoe":10,"minecraft:polished_andesite":1,"minecraft:lever":1,"iceandfire:troll_weapon_axe":1,"minecraft:granite":38,"iceandfire:dragonbone_bow":1,"minecraft:chainmail_helmet":4,"minecraft:bread":63,"iceandfire:troll_leather_forest":9,"born_in_chaos_v1:rotten_fish":1,"minecraft:dark_oak_fence":1,"iceandfire:raw_silver":19,"minecraft:diamond_pickaxe":1,"minecraft:crafting_table":12,"luminousworld:decorative_brown_2":1,"iceandfire:witherbone":56,"minecraft:clay_ball":60,"born_in_chaos_v1:seedof_chaos":2,"minecraft:leather_leggings":6,"friendsandfoes:totem_of_illusion":3,"luminousworld:trout":13,"minecraft:acacia_door":3,"minecraft:compass":1,"minecraft:white_carpet":25,"minecraft:iron_shovel":5,"born_in_chaos_v1:gnawed_bones":2,"minecraft:jungle_sapling":2,"minecraft:iron_nugget":46,"minecraft:poppy":2,"minecraft:birch_sapling":17,"minecraft:raw_gold_block":2,"luminousworld:blue_petunias":2,"minecraft:glow_item_frame":4,"sophisticatedbackpacks:backpack":2,"born_in_chaos_v1:pieceofdarkmetal":2,"minecraft:carrot":4,"minecraft:redstone":101,"illagerinvasion:primal_essence":2,"minecraft:prismarine_crystals":5,"minecraft:mangrove_trapdoor":1,"iceandfire:dragon_skull_ice":6,"minecraft:tnt":4,"ad_astra:nasa_workbench":1,"minecraft:shears":1,"minecraft:hay_block":53,"born_in_chaos_v1:spiny_shell":2,"tombstone:essence_of_undeath":5,"minecraft:totem_of_undying":2,"minecraft:polished_blackstone":3,"minecraft:mutton":8,"minecraft:glow_berries":2,"minecraft:white_wool":12,"minecraft:bone_block":31,"minecraft:mud_bricks":6,"iceandfire:sea_serpent_fang":8,"born_in_chaos_v1:monster_flesh":15,"minecraft:smooth_red_sandstone":6,"luminousworld:ishstone":42,"minecraft:red_mushroom":2,"minecraft:packed_mud":1,"minecraft:oak_log":78,"stalwart_dungeons:diamond_hammer":7,"minecraft:ancient_debris":3,"minecraft:paper":8,"endrem:cryptic_eye":1,"minecraft:stone_bricks":11,"minecraft:kelp":1,"minecraft:stone_pickaxe":3,"tombstone:bag_of_seeds":8,"minecraft:glass_bottle":5,"minecraft:iron_sword":8,"minecraft:dark_oak_stairs":1,"iceandfire:chared_stone":3,"endrem:witch_pupil":1,"enemyexpansion:phantom_eye":3,"minecraft:dark_oak_slab":4,"iceandfire:sea_serpent_scales_green":10,"born_in_chaos_v1:ethereal_spirit":3,"minecraft:gravel":5,"minecraft:spruce_sapling":5,"born_in_chaos_v1:fangofthe_hound_leader":1,"illagerinvasion:illusionary_dust":1,"minecraft:leather_helmet":1,"minecraft:diamond_shovel":1,"minecraft:slime_ball":21,"minecraft:stone_axe":2,"minecraft:diamond_axe":2,"minecraft:painting":18,"minecraft:gray_wool":12,"iceandfire:ice_dragon_flesh":1,"minecraft:baked_potato":42,"twilightforest:castle_brick":194,"ad_astra:space_suit":1,"minecraft:wheat":33,"minecraft:black_carpet":2,"illagerinvasion:platinum_chunk":3,"cataclysm:monstrous_horn":1,"iceandfire:troll_weapon_hammer":1,"enemyexpansion:wasp_thorax":1,"minecraft:potion":2,"minecraft:gilded_blackstone":1,"born_in_chaos_v1:black_argillite":2,"minecraft:raw_copper":33,"minecraft:smooth_stone_slab":3,"minecraft:iron_leggings":4,"minecraft:experience_bottle":1,"alexsmobs:blood_sac":4,"minecraft:red_sand":4,"minecraft:smooth_stone":3,"minecraft:bucket":2,"minecraft:rose_bush":2,"minecraft:smooth_quartz":1,"minecraft:cobblestone_slab":6,"minecraft:ender_eye":2,"minecraft:calcite":3,"minecraft:azalea":2,"quark:black_shard":11,"minecraft:iron_pickaxe":2,"iceandfire:frozen_gravel":1,"minecraft:iron_boots":8,"minecraft:furnace":2,"iceandfire:pixie_dust":2,"minecraft:stick":53,"minecraft:birch_trapdoor":1,"minecraft:torch":121,"minecraft:porkchop":4,"tombstone:grave_dust":103,"minecraft:diorite":67,"minecraft:goat_horn":1,"iceandfire:dragon_bone_wall":1,"quark:ancient_tome":2,"minecraft:cactus":2,"minecraft:rotten_flesh":320,"luminousworld:soft_birch_log":10,"supplementaries:antique_ink":4,"ecologics:coconut_log":13,"minecraft:stripped_birch_wood":2,"minecraft:obsidian":3,"undead_revamp2:arapholia":2,"minecraft:cobblestone":1866,"minecraft:leather_chestplate":1,"minecraft:andesite":25,"cataclysm:coral_bardiche":1,"minecraft:potato":40,"minecraft:tuff":46,"supplementaries:flax_seeds":7,"undead_revamp2:huntereye":1,"minecraft:wither_skeleton_skull":4,"minecraft:lapis_lazuli":107,"minecraft:dirt":1263,"iceandfire:dragonscales_bronze":3,"iceandfire:dragonbone_sword_ice":15,"minecraft:name_tag":1,"born_in_chaos_v1:monster_skin":12,"minecraft:leather_boots":1,"minecraft:bone":292,"ad_astra:compressor":1,"minecraft:bow":4,"minecraft:wheat_seeds":79,"minecraft:raw_gold":54,"minecraft:mossy_stone_bricks":3,"minecraft:oak_planks":3,"minecraft:ghast_tear":1,"minecraft:black_terracotta":2,"ad_astra:space_pants":1,"minecraft:cooked_porkchop":50,"earthmobsmod:harder_flesh":3,"minecraft:sand":40,"minecraft:jungle_planks":3,"minecraft:nether_brick_stairs":1,"securitycraft:reinforced_stone":1,"minecraft:cyan_bed":7,"minecraft:diamond_block":1,"eeeabsmobs:heart_of_pagan":1,"iceandfire:frozen_dirt":3,"minecraft:mossy_cobblestone":1,"minecraft:dark_prismarine":2,"ad_astra:iron_plate":4,"born_in_chaos_v1:fire_dust":9,"minecraft:diamond":8,"minecraft:slime_block":2,"minecraft:polished_blackstone_button":2,"minecraft:cracked_polished_blackstone_bricks":10,"minecraft:bone_meal":1,"minecraft:golden_apple":17,"minecraft:emerald":31,"iceandfire:silver_nugget":6,"minecraft:oak_sapling":1,"minecraft:netherrack":1075,"minecraft:cocoa_beans":5,"minecraft:waxed_oxidized_cut_copper":3,"born_in_chaos_v1:diamond_termite_shard":7,"born_in_chaos_v1:river_mint":9,"minecraft:ladder":15,"minecraft:brown_mushroom":9,"minecraft:wooden_pickaxe":1,"minecraft:gold_block":19,"minecraft:chain":1,"minecraft:shield":1,"minecraft:moss_carpet":13,"luminousworld:sunny":22,"minecraft:item_frame":6,"minecraft:cyan_carpet":3,"takesapillage:ravager_horn":3,"minecraft:blackstone":13,"minecraft:player_head":4,"minecraft:light_gray_wool":2,"minecraft:sugar_cane":17,"minecraft:spruce_trapdoor":2,"minecraft:phantom_membrane":4,"iceandfire:ice_dragon_heart":1,"minecraft:raw_iron":121,"iceandfire:dragonbone":52,"minecraft:stripped_mangrove_wood":2,"iceandfire:troll_tusk":3,"minecraft:copper_ingot":4,"iceandfire:chared_grass":1,"minecraft:note_block":2,"minecraft:polished_blackstone_bricks":15,"minecraft:cookie":50,"luminousworld:raw_squirrel":2,"minecraft:dark_oak_planks":58,"ad_astra:steel_plate":12,"artifacts:snorkel":1,"minecraft:arrow":157,"minecraft:weeping_vines":4,"iceandfire:cyclops_eye":1,"minecraft:pumpkin_pie":1,"minecraft:golden_hoe":1,"minecraft:nether_bricks":6,"iceandfire:chared_dirt":1,"alexscaves:spelunkery_table":1,"artifacts:cross_necklace":1,"minecraft:black_banner":1,"minecraft:skeleton_skull":3,"born_in_chaos_v1:fused_bone":2,"born_in_chaos_v1:corpse_maggot":64,"minecraft:basalt":75,"minecraft:golden_carrot":3,"minecraft:glow_ink_sac":1,"minecraft:leather":140,"minecraft:birch_planks":18,"minecraft:chainmail_chestplate":4,"minecraft:cobbled_deepslate_stairs":22,"minecraft:gunpowder":20,"quark:forgotten_hat":2,"minecraft:cooked_mutton":4,"minecraft:red_nether_brick_stairs":1,"minecraft:red_carpet":39,"cataclysm:infernal_forge":3,"minecraft:gray_carpet":11,"minecraft:red_sandstone":7,"minecraft:acacia_trapdoor":6,"minecraft:iron_ingot":6,"minecraft:cooked_chicken":2,"luminousworld:white_petunias":8,"iceandfire:sea_serpent_scales_deepblue":13,"iceandfire:fire_dragon_flesh":5,"minecraft:oxidized_cut_copper":3,"minecraft:soul_sand":23,"minecraft:book":91,"minecraft:black_candle":4,"luminousworld:clovers_1":10,"born_in_chaos_v1:death_totem":1,"minecraft:birch_boat":11,"minecraft:chiseled_stone_bricks":4,"minecraft:quartz":49,"minecraft:dandelion":1,"born_in_chaos_v1:dark_rod":5,"ad_astra:space_helmet":1,"minecraft:blast_furnace":7,"minecraft:white_bed":1,"quark:oak_chest":4,"minecraft:dark_oak_fence_gate":1,"minecraft:spider_eye":6,"alexsmobs:raw_catfish":2,"minecraft:chainmail_leggings":4,"minecraft:iron_helmet":5,"tombstone:decorative_grave_normal":7,"tombstone:magic_scroll":14,"minecraft:acacia_slab":1,"minecraft:coal":225},"minecraft:crafted":{"minecraft:smooth_stone":1,"quark:birch_chest":9,"born_in_chaos_v1:death_totem":1,"minecraft:birch_boat":2,"minecraft:diamond_helmet":2,"minecraft:diamond_leggings":2,"minecraft:melon_seeds":7,"iceandfire:dragonbone_arrow":90,"alexsmobs:cooked_catfish":2,"ad_astra:oxygen_loader":1,"minecraft:emerald":36,"minecraft:diamond_axe":1,"iceandfire:wither_shard":18,"tombstone:white_marble":24,"iceandfire:dragonbone_sword_ice":1,"minecraft:stone_slab":6,"quark:oak_chest":30,"minecraft:gold_ingot":9,"iceandfire:armor_sapphire_boots":1,"tombstone:book_of_disenchantment":10,"minecraft:golden_carrot":1,"iceandfire:dragon_bone_wall":1,"ecologics:coconut_planks":52,"ad_astra:gas_tank":2,"tombstone:strange_tablet":1,"ad_astra:fan":1,"stalwart_dungeons:diamond_hammer":1,"minecraft:bone_meal":111,"quark:blossom_chest":2,"minecraft:diamond":27,"securitycraft:universal_block_remover":1,"minecraft:stone_pickaxe":2,"minecraft:diamond_boots":4,"minecraft:cobbled_deepslate_stairs":40,"minecraft:dark_oak_planks":16,"tombstone:strange_scroll":1,"ecologics:coconut_boat":2,"iceandfire:chain":3,"minecraft:wheat":207,"luminousworld:autumnplank":24,"iceandfire:dragonbone_sword":1,"sophisticatedbackpacks:gold_backpack":1,"minecraft:deepslate_tiles":64,"minecraft:iron_shovel":9,"minecraft:iron_leggings":1,"minecraft:deepslate_tile_stairs":32,"ad_astra:fuel_refinery":1,"minecraft:grindstone":1,"minecraft:oak_planks":280,"minecraft:cobblestone_slab":18,"minecraft:lightning_rod":1,"minecraft:stone":53,"securitycraft:laser_block":1,"minecraft:hopper":5,"minecraft:bow":1,"minecraft:iron_boots":1,"minecraft:item_frame":7,"quark:blossom_planks":20,"iceandfire:armor_sapphire_helmet":1,"minecraft:crafting_table":12,"minecraft:wooden_pickaxe":1,"minecraft:iron_helmet":3,"minecraft:birch_planks":416,"iceandfire:dragonbone_bow":1,"tombstone:decorative_grave_normal":6,"minecraft:iron_ingot":33,"minecraft:iron_chestplate":1,"minecraft:diamond_pickaxe":11,"minecraft:shield":6,"sophisticatedbackpacks:diamond_backpack":1,"minecraft:stick":264,"minecraft:stone_sword":1,"vanillaplustools:diamond_hammer":1,"minecraft:shears":2,"securitycraft:universal_block_reinforcer_lvl1":1,"ad_astra:iron_rod":4,"vanillaplustools:iron_shovel":1,"minecraft:furnace":5,"iceandfire:tide_green_chestplate":1,"minecraft:glass_pane":16,"minecraft:netherite_leggings":1,"minecraft:iron_hoe":1,"ad_astra:steel_rod":4,"iceandfire:tide_trident":1,"tombstone:ankh_of_pray":1,"minecraft:bucket":7,"minecraft:stone_axe":1,"minecraft:bread":69,"minecraft:air":0,"minecraft:jungle_planks":80,"minecraft:black_stained_glass":2,"minecraft:gold_nugget":9,"minecraft:raw_gold":18,"tombstone:dark_marble":2,"minecraft:stonecutter":1,"minecraft:torch":396,"minecraft:diamond_chestplate":2},"minecraft:dropped":{"iceandfire:chared_stone":3,"minecraft:iron_sword":4,"minecraft:stripped_mangrove_wood":2,"minecraft:glass_bottle":10,"minecraft:diamond":38,"minecraft:red_sandstone":2,"minecraft:weeping_vines":4,"minecraft:glow_berries":4,"minecraft:glow_item_frame":3,"minecraft:red_mushroom":2,"minecraft:red_carpet":36,"minecraft:item_frame":5,"minecraft:gold_block":5,"minecraft:packed_mud":1,"minecraft:dirt":4,"artifacts:thorn_pendant":1,"minecraft:dark_oak_fence":1,"minecraft:jungle_sapling":2,"minecraft:gold_nugget":4,"minecraft:bone_meal":1,"minecraft:sand":14,"born_in_chaos_v1:death_totem":1,"minecraft:dark_oak_planks":3,"minecraft:white_wool":5,"minecraft:cyan_carpet":3,"luminousworld:clovers_1":6,"quark:ancient_tome":1,"minecraft:bone":21,"quark:black_shard":3,"minecraft:stone_axe":2,"minecraft:lever":1,"minecraft:iron_nugget":12,"minecraft:cobbled_deepslate":26,"minecraft:black_carpet":2,"minecraft:birch_sapling":6,"iceandfire:sea_serpent_scales_deepblue":11,"undead_revamp2:arapholia":1,"minecraft:rotten_flesh":59,"ad_astra:iron_rod":2,"minecraft:glowstone_dust":5,"iceandfire:shiny_scales":1,"illagerinvasion:primal_essence":1,"supplementaries:flax_seeds":2,"luminousworld:grassflowers":1,"minecraft:leather_boots":1,"minecraft:ladder":15,"minecraft:leather_leggings":6,"minecraft:red_nether_bricks":1,"born_in_chaos_v1:marigolds":7,"minecraft:enchanted_book":2,"minecraft:iron_ingot":216,"minecraft:wheat_seeds":18,"minecraft:mangrove_trapdoor":1,"luminousworld:ishstone":29,"minecraft:polished_blackstone":1,"minecraft:dripstone_block":1,"minecraft:cobblestone":430,"minecraft:iron_helmet":4,"minecraft:prismarine_crystals":1,"minecraft:book":1,"minecraft:granite":2,"minecraft:chainmail_helmet":3,"minecraft:polished_blackstone_button":2,"minecraft:golden_apple":1,"minecraft:polished_blackstone_stairs":1,"minecraft:gray_wool":4,"ad_astra:steel_ingot":32,"ad_astra:iron_plate":4,"minecraft:rose_bush":2,"minecraft:diamond_helmet":2,"minecraft:potion":1,"minecraft:oak_stairs":1,"minecraft:golden_hoe":1,"minecraft:string":6,"minecraft:gray_carpet":5,"iceandfire:silver_nugget":6,"securitycraft:reinforced_stone":1,"ecologics:coconut_planks":1,"minecraft:moss_carpet":12,"minecraft:stone_sword":4,"minecraft:dark_oak_sign":12,"minecraft:cocoa_beans":5,"minecraft:smooth_stone_slab":3,"minecraft:white_carpet":19,"minecraft:iron_boots":2,"twilightforest:castle_brick":192,"sophisticatedbackpacks:backpack":2,"iceandfire:dragon_skull_ice":1,"minecraft:shears":1,"minecraft:diamond_sword":1,"minecraft:big_dripleaf":5,"minecraft:cobblestone_slab":5,"minecraft:spruce_planks":1,"minecraft:spruce_trapdoor":2,"minecraft:bundle":4,"minecraft:stone_bricks":3,"minecraft:red_sand":4,"minecraft:bow":5,"luminousworld:blue_petunias":2,"minecraft:vex_armor_trim_smithing_template":2,"minecraft:nether_brick_stairs":1,"minecraft:moss_block":15,"minecraft:brown_mushroom":7,"minecraft:diamond_axe":2,"luminousworld:yellowpetunias":1,"minecraft:oak_log":3,"luminousworld:white_petunias":3,"minecraft:stripped_birch_wood":2,"iceandfire:chared_dirt":1,"minecraft:lantern":1,"minecraft:leather":51,"minecraft:black_banner":1,"minecraft:deepslate_tile_stairs":1,"minecraft:cracked_polished_blackstone_bricks":10,"tombstone:bag_of_seeds":2,"minecraft:netherite_scrap":12,"alexsmobs:cooked_catfish":1,"minecraft:gilded_blackstone":1,"minecraft:polished_blackstone_bricks":8,"ad_astra:steel_plate":6,"minecraft:acacia_door":1,"minecraft:birch_log":6,"minecraft:black_stained_glass":64,"luminousworld:decorative_brown_2":1,"minecraft:gold_ingot":20,"minecraft:gravel":2,"minecraft:blackstone":12,"minecraft:black_terracotta":1,"minecraft:chainmail_chestplate":2,"minecraft:chiseled_stone_bricks":2,"minecraft:poppy":4,"minecraft:leather_chestplate":1,"supplementaries:ash":76,"quark:forgotten_hat":1,"born_in_chaos_v1:diamond_termite_shard":3,"minecraft:gunpowder":2,"minecraft:birch_trapdoor":1,"minecraft:acacia_slab":1,"born_in_chaos_v1:corpse_maggot":13,"minecraft:birch_door":1,"minecraft:azalea":2,"minecraft:chainmail_boots":2,"minecraft:basalt":9,"minecraft:birch_button":1,"iceandfire:chared_grass":1,"minecraft:netherrack":134,"minecraft:bread":2,"minecraft:water_bucket":1,"minecraft:golden_helmet":1,"minecraft:cherry_log":1,"minecraft:mossy_cobblestone":1,"minecraft:prismarine_shard":3,"eeeabsmobs:heart_of_pagan":1,"minecraft:copper_ingot":13,"minecraft:acacia_trapdoor":6,"minecraft:stick":34,"luminousworld:black_patterned_ish_bricks":256,"minecraft:mud_brick_wall":3,"minecraft:diorite":17,"born_in_chaos_v1:river_mint":8,"minecraft:smooth_red_sandstone":5,"tombstone:magic_scroll":1,"minecraft:torch":3,"minecraft:melon_slice":45,"minecraft:brown_wool":4,"minecraft:iron_leggings":2,"ad_astra:steel_rod":3,"minecraft:polished_blackstone_brick_slab":3,"minecraft:cactus":2,"artifacts:rooted_boots":1,"minecraft:dandelion":1,"minecraft:anvil":1,"minecraft:kelp":1,"minecraft:raw_copper":11,"minecraft:tuff":15,"iceandfire:witherbone":3,"minecraft:iron_hoe":3,"iceandfire:dragonbone_sword_ice":1,"minecraft:waxed_exposed_cut_copper":4,"minecraft:stripped_acacia_wood":1,"minecraft:totem_of_undying":1,"minecraft:red_terracotta":5,"minecraft:red_nether_brick_stairs":1,"minecraft:filled_map":2,"securitycraft:universal_block_remover":1,"minecraft:mud_bricks":1,"iceandfire:copper_sword":1,"minecraft:iron_chestplate":3,"minecraft:andesite":25,"minecraft:mossy_stone_bricks":3,"minecraft:oak_sapling":1,"minecraft:waxed_oxidized_cut_copper":2,"minecraft:diamond_boots":2,"minecraft:stone_pickaxe":5,"minecraft:wooden_pickaxe":2,"cataclysm:monstrous_horn":1,"minecraft:calcite":1},"minecraft:mined":{"minecraft:dark_oak_planks":42,"minecraft:white_bed":1,"minecraft:black_terracotta":2,"placeablesmod:cooked_beef_block":1,"minecraft:jungle_leaves":5,"minecraft:red_nether_bricks":3,"minecraft:obsidian":4,"minecraft:granite":122,"minecraft:red_sand":1,"minecraft:brown_wool":4,"minecraft:jungle_log":20,"minecraft:coal_block":7,"ad_astra:compressor":1,"minecraft:deepslate_tile_stairs":2,"minecraft:chiseled_stone_bricks":4,"minecraft:spawner":47,"minecraft:weeping_vines_plant":2,"minecraft:polished_blackstone_bricks":17,"minecraft:magma_block":55,"minecraft:dark_oak_trapdoor":1,"minecraft:cobbled_deepslate":5,"minecraft:fire":85,"ironchest:gold_chest":2,"minecraft:deepslate_lapis_ore":14,"minecraft:nether_brick_stairs":2,"minecraft:smooth_red_sandstone":6,"placeablesmod:empty_bucket_block":2,"minecraft:cave_vines":3,"minecraft:dirt_path":1,"illagerinvasion:magic_fire":9,"minecraft:stripped_mangrove_wood":2,"minecraft:red_bed":1,"minecraft:crimson_nylium":2,"minecraft:smoker":5,"minecraft:soul_fire":5,"minecraft:torch":8,"minecraft:note_block":2,"born_in_chaos_v1:infected_deepslate_diamond_ore":2,"minecraft:blast_furnace":7,"minecraft:melon":43,"quark:blossom_log":7,"minecraft:cyan_bed":7,"minecraft:sugar_cane":6,"minecraft:skeleton_skull":3,"minecraft:chain":1,"tombstone:decorative_grave_normal":7,"minecraft:wheat":7,"minecraft:birch_door":1,"minecraft:grass":72,"minecraft:smooth_quartz":1,"luminousworld:grassvariant_3":16,"minecraft:stripped_birch_wood":2,"minecraft:stonecutter":1,"minecraft:deepslate":1054,"minecraft:dark_prismarine":2,"iceandfire:silver_ore":19,"minecraft:mossy_cobblestone":6,"minecraft:dark_oak_log":4,"minecraft:nether_bricks":8,"minecraft:dark_oak_fence":1,"minecraft:jungle_planks":3,"twilightforest:canopy_chest":1,"born_in_chaos_v1:black_argillite":2,"iceandfire:deepslate_silver_ore":1,"alexsmobs:leafcutter_ant_chamber":2,"luminousworld:grassvariant_2":38,"minecraft:moss_block":7,"minecraft:black_stained_glass_pane":3,"minecraft:redstone_ore":4,"minecraft:waxed_oxidized_cut_copper":4,"minecraft:packed_mud":2,"minecraft:red_sandstone":9,"placeablesmod:water_bucket_block":6,"ad_astra:nasa_workbench":1,"minecraft:andesite":228,"minecraft:big_dripleaf_stem":2,"minecraft:cobblestone_slab":9,"minecraft:vine":16,"luminousworld:clovers_3":1,"minecraft:bone_block":17,"minecraft:white_wool":8,"minecraft:smithing_table":1,"minecraft:light_gray_carpet":1,"minecraft:mud_brick_slab":1,"minecraft:oak_slab":3,"minecraft:glass_pane":2,"minecraft:soul_sand":25,"quark:oak_chest":4,"minecraft:dandelion":1,"iceandfire:frozen_gravel":1,"minecraft:copper_ore":30,"minecraft:tall_grass":13,"minecraft:deepslate_gold_ore":35,"minecraft:diorite":150,"minecraft:black_stained_glass":5,"minecraft:red_terracotta":5,"minecraft:birch_leaves":33,"luminousworld:clovers_5":1,"luminousworld:ishstone":98,"minecraft:gravel":4,"minecraft:acacia_door":1,"minecraft:cobweb":26,"minecraft:polished_blackstone":2,"minecraft:stone_bricks":9,"minecraft:gold_ore":8,"minecraft:iron_trapdoor":1,"luminousworld:white_petunias":8,"minecraft:spruce_planks":8,"iceandfire:graveyard_soil":2,"quark:yellow_blossom_leaves":8,"quark:cherry_chest":1,"minecraft:cobbled_deepslate_stairs":23,"minecraft:brewing_stand":1,"minecraft:spruce_trapdoor":2,"minecraft:grass_block":791,"minecraft:cracked_polished_blackstone_bricks":10,"minecraft:polished_blackstone_brick_slab":3,"minecraft:mud_brick_wall":2,"minecraft:mud_bricks":5,"minecraft:gilded_blackstone":1,"minecraft:glowstone":1,"minecraft:red_nether_brick_stairs":1,"minecraft:iron_ore":43,"iceandfire:dragon_bone_wall":1,"minecraft:black_carpet":4,"minecraft:anvil":2,"minecraft:dark_oak_stairs":1,"minecraft:iron_bars":1,"luminousworld:decorative_brown_2":1,"minecraft:waxed_cut_copper_stairs":2,"minecraft:waxed_cut_copper":6,"minecraft:deepslate_redstone_ore":21,"minecraft:cyan_terracotta":3,"minecraft:blackstone":16,"luminousworld:birchtreemushrooms":1,"supplementaries:book_pile":1,"luminousworld:black_patterned_ish_bricks":32,"twilightforest:castle_brick":2,"minecraft:clay":29,"iceandfire:dragon_ice_spikes":5,"minecraft:calcite":3,"minecraft:poppy":2,"iceandfire:ghost_chest":1,"iceandfire:frozen_dirt":3,"minecraft:nether_quartz_ore":53,"minecraft:cobblestone":130,"minecraft:slime_block":2,"placeablesmod:bread_full_block":4,"minecraft:wall_torch":60,"minecraft:seagrass":1,"minecraft:warped_nylium":1,"placeablesmod:cooked_pork_block":2,"minecraft:dark_oak_slab":2,"minecraft:birch_log":131,"born_in_chaos_v1:river_mint":3,"minecraft:birch_trapdoor":1,"minecraft:tnt":6,"minecraft:light_gray_wool":1,"quark:glow_shroom":1,"minecraft:smooth_stone_slab":3,"minecraft:oak_log":77,"minecraft:dirt":408,"minecraft:sand":46,"minecraft:netherrack":1087,"minecraft:ancient_debris":3,"minecraft:oak_leaves":10,"iceandfire:chared_stone":3,"minecraft:nether_gold_ore":5,"alexscaves:spelunkery_table":1,"minecraft:tuff":91,"minecraft:red_carpet":1,"luminousworld:grassvariant_4":23,"minecraft:deepslate_diamond_ore":6,"born_in_chaos_v1:infected_diamond_ore":5,"minecraft:lever":1,"luminousworld:clovers_4":2,"minecraft:mangrove_trapdoor":1,"iceandfire:chared_dirt":2,"ecologics:coconut_log":15,"minecraft:spruce_leaves":2,"minecraft:acacia_slab":1,"iceandfire:chared_grass":1,"minecraft:hay_block":53,"minecraft:oxidized_cut_copper":3,"minecraft:furnace":2,"minecraft:raw_gold_block":2,"minecraft:gold_block":20,"minecraft:polished_deepslate":1,"minecraft:bookshelf":30,"minecraft:shroomlight":3,"minecraft:deepslate_iron_ore":34,"minecraft:lantern":1,"minecraft:stone":2548,"luminousworld:soft_birch_log":10,"minecraft:flowering_azalea":1,"born_in_chaos_v1:marigolds":6,"minecraft:basalt":75,"supplementaries:ashen_basalt":2,"minecraft:oak_fence":3,"minecraft:crafting_table":12,"ad_astra:etrionic_blast_furnace":1,"minecraft:rose_bush":2,"minecraft:lapis_ore":1,"supplementaries:urn":2,"minecraft:birch_planks":24,"minecraft:gray_wool":12,"minecraft:cactus":1,"minecraft:polished_blackstone_stairs":1,"minecraft:ice":2,"minecraft:coal_ore":91,"minecraft:cyan_carpet":2,"minecraft:gray_carpet":7,"minecraft:stripped_acacia_wood":3,"minecraft:polished_andesite":1,"minecraft:small_dripleaf":2,"minecraft:mossy_stone_bricks":4}},"DataVersion":3465}