{"stats":{"minecraft:used":{"iceandfire:dragon_skull_ice":4,"ecologics:coconut_planks":18,"minecraft:rotten_flesh":3,"friendsandfoes:totem_of_illusion":3,"minecraft:birch_sapling":7,"minecraft:dark_oak_slab":3,"minecraft:bow":58,"minecraft:furnace":5,"iceandfire:troll_weapon_hammer":11,"minecraft:diorite":1,"iceandfire:dragonbone_sword_ice":865,"minecraft:wooden_pickaxe":8,"tombstone:scroll_of_true_sight":1,"minecraft:cookie":15,"minecraft:golden_apple":19,"minecraft:glow_berries":9,"minecraft:sand":23,"minecraft:blast_furnace":6,"securitycraft:universal_block_remover":2,"born_in_chaos_v1:monster_flesh":1,"minecraft:diamond_sword":2092,"minecraft:stone_sword":46,"minecraft:torch":442,"minecraft:anvil":2,"tombstone:ankh_of_pray":5,"minecraft:slime_block":2,"stalwart_dungeons:diamond_hammer":311,"minecraft:mud_bricks":4,"minecraft:totem_of_undying":1,"minecraft:barrel":1,"minecraft:melon_seeds":7,"ecologics:coconut_boat":1,"tombstone:gift":14,"minecraft:cobbled_deepslate":182,"alexsmobs:cooked_catfish":1,"minecraft:wheat_seeds":34,"minecraft:water_bucket":150,"minecraft:birch_planks":246,"minecraft:waxed_oxidized_cut_copper":1,"minecraft:salmon":6,"luminousworld:black_patterned_ish_bricks":868,"minecraft:crafting_table":19,"supplementaries:bomb":1,"minecraft:white_bed":1,"minecraft:cake":1,"minecraft:diamond_pickaxe":2522,"minecraft:diamond_shovel":721,"tombstone:magic_scroll":11,"minecraft:cobblestone":268,"minecraft:potion":3,"quark:oak_chest":34,"tombstone:scroll_of_unstable_intangibility":1,"iceandfire:tide_trident":27,"quark:ancient_tome":1,"minecraft:shield":356,"minecraft:iron_sword":191,"minecraft:player_head":4,"minecraft:iron_chestplate":1,"minecraft:oxidized_cut_copper":7,"minecraft:jungle_planks":58,"minecraft:carrot":8,"minecraft:tuff":1,"iceandfire:chain":1,"minecraft:obsidian":1,"vanillaplustools:iron_shovel":70,"minecraft:cyan_terracotta":2,"minecraft:lantern":4,"minecraft:iron_helmet":2,"minecraft:item_frame":10,"undead_revamp2:cloogerribs":64,"tombstone:decorative_grave_normal":11,"minecraft:skeleton_skull":1,"minecraft:stone_pickaxe":27,"minecraft:gray_carpet":5,"minecraft:dark_oak_sign":1,"minecraft:oak_planks":20,"minecraft:diamond_axe":369,"alexscaves:cave_book":4,"minecraft:shears":18,"minecraft:cobbled_deepslate_stairs":22,"minecraft:black_terracotta":1,"minecraft:acacia_door":2,"minecraft:melon_slice":123,"minecraft:bread":128,"minecraft:cyan_bed":6,"tombstone:grave_key":10,"tombstone:familiar_stone":10,"iceandfire:dragon_skull_fire":3,"minecraft:bone_meal":48,"quark:birch_chest":4,"minecraft:spruce_planks":2,"securitycraft:reinforced_cobblestone_slab":2,"twilightforest:castle_brick":312,"minecraft:dirt":351,"minecraft:hopper":5,"minecraft:granite":4,"iceandfire:tide_green_chestplate":2,"minecraft:iron_hoe":54,"minecraft:dark_oak_planks":18,"iceandfire:dragon_bone_wall":1,"minecraft:iron_boots":1,"minecraft:light_gray_wool":2,"minecraft:golden_carrot":3,"minecraft:black_stained_glass":1,"minecraft:deepslate_tile_stairs":24,"ironchest:gold_chest":5,"minecraft:cooked_beef":24,"tombstone:scroll_of_knowledge":1,"minecraft:baked_potato":28,"minecraft:birch_boat":12,"minecraft:stonecutter":2,"minecraft:cobblestone_slab":19,"minecraft:glow_item_frame":2,"luminousworld:white_petunias":5,"tombstone:scroll_of_feather_fall":1,"tombstone:tablet_of_home":1,"minecraft:painting":20,"minecraft:smoker":4,"tombstone:bag_of_seeds":4,"minecraft:stone_axe":135,"minecraft:bucket":151,"minecraft:pumpkin_pie":16,"alexsmobs:animal_dictionary":3,"minecraft:splash_potion":2},"minecraft:custom":{"minecraft:interact_with_crafting_table":103,"minecraft:open_barrel":89,"minecraft:eat_cake_slice":3,"minecraft:leave_game":12,"minecraft:time_since_death":34042,"minecraft:damage_blocked_by_shield":14110,"minecraft:play_time":941417,"minecraft:deaths":26,"minecraft:jump":8188,"minecraft:enchant_item":1,"minecraft:interact_with_furnace":20,"minecraft:sleep_in_bed":10,"minecraft:damage_dealt":190736,"tombstone:use_disenchantment":1,"tombstone:undead_killed":593,"minecraft:interact_with_smoker":8,"minecraft:inspect_dispenser":1,"minecraft:interact_with_smithing_table":2,"minecraft:interact_with_anvil":16,"minecraft:inspect_hopper":1,"minecraft:damage_dealt_absorbed":120,"minecraft:sneak_time":25082,"minecraft:interact_with_blast_furnace":7,"minecraft:total_world_time":941417,"tombstone:raider_killed":62,"minecraft:tune_noteblock":32,"minecraft:interact_with_stonecutter":5,"tombstone:pray_on_grave":2,"minecraft:time_since_rest":21752,"tombstone:cast_on_ally":1,"minecraft:swim_one_cm":451204,"minecraft:fly_one_cm":1129751,"minecraft:open_chest":910,"minecraft:fall_one_cm":159640,"minecraft:damage_resisted":349,"minecraft:sprint_one_cm":1649821,"minecraft:drop":312,"minecraft:play_noteblock":3,"minecraft:talked_to_villager":6,"minecraft:interact_with_brewingstand":1,"minecraft:walk_on_water_one_cm":464285,"minecraft:interact_with_loom":4,"minecraft:open_enderchest":1,"minecraft:player_kills":2,"minecraft:crouch_one_cm":57710,"tombstone:villager_killed":1,"minecraft:mob_kills":1016,"minecraft:interact_with_campfire":1,"minecraft:damage_dealt_resisted":3365,"minecraft:climb_one_cm":76562,"minecraft:walk_one_cm":2805642,"tombstone:consume_soul":2,"minecraft:walk_under_water_one_cm":205914,"minecraft:boat_one_cm":640636,"minecraft:damage_taken":27613,"minecraft:damage_absorbed":832,"minecraft:trigger_trapped_chest":11},"minecraft:broken":{"minecraft:diamond_helmet":1,"minecraft:iron_boots":1,"minecraft:diamond_pickaxe":1,"minecraft:diamond_leggings":2,"aether:iron_gloves":4,"minecraft:shield":6,"minecraft:iron_helmet":3,"minecraft:diamond_boots":1,"minecraft:stone_axe":1,"minecraft:diamond_sword":1,"minecraft:diamond_chestplate":1},"minecraft:crafted":{"minecraft:smooth_stone":1,"quark:birch_chest":9,"minecraft:birch_boat":2,"minecraft:diamond_helmet":2,"minecraft:diamond_leggings":2,"minecraft:melon_seeds":7,"alexsmobs:cooked_catfish":2,"minecraft:emerald":36,"minecraft:diamond_axe":1,"tombstone:white_marble":16,"iceandfire:dragonbone_sword_ice":1,"quark:oak_chest":30,"minecraft:gold_ingot":9,"tombstone:book_of_disenchantment":2,"minecraft:golden_carrot":1,"iceandfire:dragon_bone_wall":1,"ecologics:coconut_planks":28,"tombstone:strange_tablet":1,"stalwart_dungeons:diamond_hammer":1,"minecraft:bone_meal":111,"minecraft:diamond":27,"securitycraft:universal_block_remover":1,"minecraft:stone_pickaxe":2,"minecraft:diamond_boots":4,"minecraft:cobbled_deepslate_stairs":40,"minecraft:dark_oak_planks":16,"tombstone:strange_scroll":1,"ecologics:coconut_boat":1,"minecraft:wheat":207,"iceandfire:chain":3,"iceandfire:dragonbone_sword":1,"luminousworld:autumnplank":24,"sophisticatedbackpacks:gold_backpack":1,"minecraft:deepslate_tiles":64,"minecraft:iron_shovel":9,"minecraft:deepslate_tile_stairs":32,"minecraft:iron_leggings":1,"minecraft:oak_planks":280,"minecraft:cobblestone_slab":18,"minecraft:stone":34,"securitycraft:laser_block":1,"minecraft:hopper":5,"minecraft:bow":1,"minecraft:iron_boots":1,"minecraft:item_frame":7,"minecraft:crafting_table":10,"minecraft:wooden_pickaxe":1,"minecraft:iron_helmet":3,"minecraft:birch_planks":380,"iceandfire:dragonbone_bow":1,"tombstone:decorative_grave_normal":4,"minecraft:iron_chestplate":1,"minecraft:shield":6,"minecraft:diamond_pickaxe":2,"minecraft:stick":224,"minecraft:stone_sword":1,"minecraft:shears":2,"securitycraft:universal_block_reinforcer_lvl1":1,"vanillaplustools:iron_shovel":1,"minecraft:furnace":4,"iceandfire:tide_green_chestplate":1,"minecraft:glass_pane":16,"minecraft:iron_hoe":1,"iceandfire:tide_trident":1,"tombstone:ankh_of_pray":1,"minecraft:bucket":1,"minecraft:stone_axe":1,"minecraft:air":0,"minecraft:bread":69,"minecraft:jungle_planks":80,"minecraft:black_stained_glass":2,"minecraft:gold_nugget":9,"minecraft:raw_gold":18,"tombstone:dark_marble":2,"minecraft:stonecutter":1,"minecraft:torch":332,"minecraft:diamond_chestplate":2},"minecraft:picked_up":{"minecraft:birch_door":1,"minecraft:iron_chestplate":7,"minecraft:chainmail_boots":3,"iceandfire:copper_sword":1,"minecraft:anvil":2,"minecraft:prismarine_shard":8,"minecraft:smithing_table":1,"minecraft:lead":2,"minecraft:diamond_sword":2,"minecraft:oak_stairs":1,"minecraft:birch_button":1,"minecraft:enchanted_book":5,"minecraft:brewing_stand":1,"iceandfire:manuscript":2,"securitycraft:reinforced_cobblestone_slab":2,"minecraft:string":29,"minecraft:red_nether_bricks":1,"minecraft:diamond_leggings":1,"minecraft:cobbled_deepslate":479,"minecraft:spruce_planks":13,"minecraft:waxed_exposed_cut_copper":4,"minecraft:melon_slice":229,"minecraft:coal_block":7,"minecraft:golden_helmet":1,"born_in_chaos_v1:shattered_skull":2,"quark:blossom_log":7,"minecraft:cherry_log":3,"ironchest:gold_chest":7,"minecraft:deepslate_tile_stairs":4,"undead_revamp2:cloogerribs":74,"luminousworld:black_patterned_ish_bricks":412,"luminousworld:grassflowers":1,"minecraft:stone_sword":1,"iceandfire:fire_dragon_heart":1,"minecraft:cyan_terracotta":2,"supplementaries:ash":203,"minecraft:iron_bars":1,"minecraft:birch_log":122,"minecraft:cooked_beef":10,"minecraft:water_bucket":1,"minecraft:jungle_log":21,"minecraft:brown_wool":4,"artifacts:thorn_pendant":1,"minecraft:smoker":5,"born_in_chaos_v1:marigolds":9,"iceandfire:ice_dragon_blood":1,"minecraft:stonecutter":1,"minecraft:dark_oak_sign":13,"minecraft:glowstone_dust":2,"minecraft:moss_block":2,"minecraft:stripped_acacia_wood":1,"iceandfire:dragon_skull_fire":3,"iceandfire:shiny_scales":9,"sophisticatedbackpacks:iron_backpack":1,"minecraft:dark_oak_log":4,"minecraft:barrel":1,"securitycraft:universal_block_remover":1,"minecraft:bundle":4,"minecraft:iron_hoe":7,"minecraft:polished_andesite":1,"minecraft:lever":1,"minecraft:granite":32,"minecraft:chainmail_helmet":4,"minecraft:bread":62,"iceandfire:troll_leather_forest":6,"born_in_chaos_v1:rotten_fish":1,"minecraft:dark_oak_fence":1,"iceandfire:raw_silver":19,"minecraft:diamond_pickaxe":1,"minecraft:crafting_table":12,"luminousworld:decorative_brown_2":1,"iceandfire:witherbone":29,"minecraft:clay_ball":12,"minecraft:leather_leggings":3,"friendsandfoes:totem_of_illusion":3,"minecraft:acacia_door":3,"minecraft:compass":1,"minecraft:white_carpet":25,"minecraft:iron_shovel":3,"minecraft:poppy":2,"born_in_chaos_v1:gnawed_bones":2,"minecraft:jungle_sapling":2,"minecraft:iron_nugget":46,"minecraft:birch_sapling":17,"minecraft:raw_gold_block":2,"luminousworld:blue_petunias":2,"minecraft:glow_item_frame":3,"sophisticatedbackpacks:backpack":1,"born_in_chaos_v1:pieceofdarkmetal":1,"minecraft:carrot":4,"minecraft:redstone":94,"illagerinvasion:primal_essence":2,"minecraft:prismarine_crystals":5,"minecraft:mangrove_trapdoor":1,"iceandfire:dragon_skull_ice":5,"minecraft:tnt":4,"minecraft:shears":1,"minecraft:hay_block":53,"born_in_chaos_v1:spiny_shell":2,"tombstone:essence_of_undeath":4,"minecraft:totem_of_undying":2,"minecraft:glow_berries":2,"minecraft:white_wool":9,"minecraft:bone_block":31,"minecraft:mud_bricks":6,"iceandfire:sea_serpent_fang":8,"born_in_chaos_v1:monster_flesh":14,"luminousworld:ishstone":15,"minecraft:red_mushroom":2,"minecraft:packed_mud":1,"minecraft:oak_log":78,"stalwart_dungeons:diamond_hammer":7,"minecraft:paper":8,"minecraft:stone_bricks":10,"minecraft:kelp":1,"minecraft:stone_pickaxe":3,"tombstone:bag_of_seeds":7,"minecraft:glass_bottle":4,"minecraft:iron_sword":7,"minecraft:dark_oak_stairs":1,"iceandfire:chared_stone":3,"enemyexpansion:phantom_eye":2,"minecraft:dark_oak_slab":4,"iceandfire:sea_serpent_scales_green":10,"born_in_chaos_v1:ethereal_spirit":3,"minecraft:gravel":4,"born_in_chaos_v1:fangofthe_hound_leader":1,"illagerinvasion:illusionary_dust":1,"minecraft:diamond_shovel":1,"minecraft:slime_ball":21,"minecraft:stone_axe":2,"minecraft:diamond_axe":2,"minecraft:painting":18,"minecraft:gray_wool":12,"minecraft:baked_potato":41,"twilightforest:castle_brick":194,"minecraft:wheat":33,"minecraft:black_carpet":2,"illagerinvasion:platinum_chunk":3,"iceandfire:troll_weapon_hammer":1,"enemyexpansion:wasp_thorax":1,"minecraft:potion":2,"minecraft:raw_copper":22,"minecraft:smooth_stone_slab":3,"minecraft:iron_leggings":4,"minecraft:smooth_stone":3,"minecraft:bucket":2,"minecraft:rose_bush":2,"minecraft:cobblestone_slab":6,"minecraft:ender_eye":2,"minecraft:calcite":3,"minecraft:iron_pickaxe":1,"quark:black_shard":11,"iceandfire:frozen_gravel":1,"minecraft:iron_boots":7,"minecraft:furnace":2,"iceandfire:pixie_dust":2,"minecraft:stick":17,"minecraft:birch_trapdoor":1,"minecraft:torch":102,"minecraft:porkchop":4,"tombstone:grave_dust":80,"minecraft:diorite":17,"minecraft:goat_horn":1,"iceandfire:dragon_bone_wall":1,"quark:ancient_tome":2,"minecraft:cactus":2,"minecraft:rotten_flesh":299,"luminousworld:soft_birch_log":10,"supplementaries:antique_ink":4,"ecologics:coconut_log":7,"minecraft:stripped_birch_wood":2,"minecraft:obsidian":3,"undead_revamp2:arapholia":2,"minecraft:cobblestone":1362,"cataclysm:coral_bardiche":1,"minecraft:potato":40,"minecraft:tuff":46,"supplementaries:flax_seeds":7,"undead_revamp2:huntereye":1,"minecraft:wither_skeleton_skull":2,"minecraft:lapis_lazuli":107,"minecraft:dirt":1234,"iceandfire:dragonscales_bronze":3,"iceandfire:dragonbone_sword_ice":12,"minecraft:name_tag":1,"born_in_chaos_v1:monster_skin":11,"minecraft:bone":224,"minecraft:bow":1,"minecraft:wheat_seeds":79,"minecraft:raw_gold":29,"minecraft:oak_planks":3,"minecraft:black_terracotta":2,"minecraft:cooked_porkchop":44,"earthmobsmod:harder_flesh":3,"minecraft:sand":40,"minecraft:jungle_planks":3,"minecraft:cyan_bed":7,"securitycraft:reinforced_stone":1,"minecraft:diamond_block":1,"minecraft:mossy_cobblestone":1,"iceandfire:frozen_dirt":3,"minecraft:dark_prismarine":2,"minecraft:diamond":8,"minecraft:slime_block":2,"minecraft:polished_blackstone_button":2,"minecraft:bone_meal":1,"minecraft:golden_apple":17,"minecraft:emerald":31,"minecraft:cocoa_beans":5,"minecraft:waxed_oxidized_cut_copper":3,"born_in_chaos_v1:diamond_termite_shard":4,"born_in_chaos_v1:river_mint":7,"minecraft:ladder":15,"minecraft:brown_mushroom":7,"minecraft:wooden_pickaxe":1,"minecraft:gold_block":1,"minecraft:chain":1,"minecraft:shield":1,"minecraft:moss_carpet":9,"minecraft:item_frame":3,"takesapillage:ravager_horn":3,"minecraft:cyan_carpet":3,"minecraft:player_head":4,"minecraft:light_gray_wool":2,"minecraft:sugar_cane":17,"minecraft:spruce_trapdoor":2,"minecraft:phantom_membrane":3,"minecraft:raw_iron":41,"iceandfire:dragonbone":41,"minecraft:stripped_mangrove_wood":2,"iceandfire:troll_tusk":2,"minecraft:copper_ingot":4,"iceandfire:chared_grass":1,"minecraft:note_block":2,"minecraft:cookie":40,"luminousworld:raw_squirrel":2,"minecraft:dark_oak_planks":58,"artifacts:snorkel":1,"minecraft:arrow":119,"minecraft:pumpkin_pie":1,"minecraft:golden_hoe":1,"iceandfire:chared_dirt":1,"artifacts:cross_necklace":1,"minecraft:black_banner":1,"minecraft:skeleton_skull":3,"born_in_chaos_v1:fused_bone":2,"born_in_chaos_v1:corpse_maggot":44,"minecraft:golden_carrot":3,"minecraft:glow_ink_sac":1,"minecraft:leather":127,"minecraft:birch_planks":11,"minecraft:chainmail_chestplate":3,"minecraft:cobbled_deepslate_stairs":22,"minecraft:gunpowder":16,"minecraft:cooked_mutton":4,"minecraft:red_carpet":39,"minecraft:red_nether_brick_stairs":1,"minecraft:gray_carpet":11,"minecraft:acacia_trapdoor":6,"minecraft:iron_ingot":6,"minecraft:cooked_chicken":2,"luminousworld:white_petunias":8,"iceandfire:sea_serpent_scales_deepblue":13,"iceandfire:fire_dragon_flesh":5,"minecraft:oxidized_cut_copper":3,"minecraft:soul_sand":23,"minecraft:book":91,"minecraft:black_candle":4,"luminousworld:clovers_1":10,"minecraft:birch_boat":11,"minecraft:chiseled_stone_bricks":4,"minecraft:dandelion":1,"born_in_chaos_v1:dark_rod":5,"minecraft:blast_furnace":7,"minecraft:white_bed":1,"quark:oak_chest":4,"minecraft:dark_oak_fence_gate":1,"minecraft:spider_eye":4,"alexsmobs:raw_catfish":2,"minecraft:chainmail_leggings":3,"minecraft:iron_helmet":5,"tombstone:decorative_grave_normal":7,"tombstone:magic_scroll":7,"minecraft:acacia_slab":1,"minecraft:coal":81},"minecraft:mined":{"minecraft:dark_oak_planks":42,"minecraft:white_bed":1,"minecraft:black_terracotta":2,"placeablesmod:cooked_beef_block":1,"minecraft:jungle_leaves":5,"minecraft:red_nether_bricks":1,"minecraft:obsidian":4,"minecraft:granite":31,"minecraft:brown_wool":4,"minecraft:jungle_log":20,"minecraft:coal_block":7,"minecraft:deepslate_tile_stairs":2,"minecraft:chiseled_stone_bricks":4,"minecraft:spawner":39,"minecraft:dark_oak_trapdoor":1,"minecraft:cobbled_deepslate":5,"minecraft:fire":72,"ironchest:gold_chest":2,"minecraft:deepslate_lapis_ore":14,"placeablesmod:empty_bucket_block":2,"minecraft:cave_vines":2,"minecraft:dirt_path":1,"illagerinvasion:magic_fire":9,"minecraft:stripped_mangrove_wood":2,"minecraft:red_bed":1,"minecraft:smoker":5,"born_in_chaos_v1:infected_deepslate_diamond_ore":2,"minecraft:torch":6,"minecraft:note_block":2,"minecraft:blast_furnace":7,"minecraft:melon":43,"quark:blossom_log":7,"minecraft:cyan_bed":7,"minecraft:sugar_cane":6,"minecraft:skeleton_skull":3,"minecraft:chain":1,"tombstone:decorative_grave_normal":7,"minecraft:wheat":7,"minecraft:birch_door":1,"minecraft:grass":72,"luminousworld:grassvariant_3":16,"minecraft:stripped_birch_wood":2,"minecraft:stonecutter":1,"minecraft:deepslate":633,"minecraft:dark_prismarine":2,"iceandfire:silver_ore":18,"minecraft:mossy_cobblestone":6,"minecraft:dark_oak_log":4,"minecraft:dark_oak_fence":1,"minecraft:jungle_planks":3,"iceandfire:deepslate_silver_ore":1,"alexsmobs:leafcutter_ant_chamber":2,"luminousworld:grassvariant_2":37,"minecraft:moss_block":2,"minecraft:waxed_oxidized_cut_copper":4,"minecraft:packed_mud":2,"minecraft:cobblestone_slab":9,"minecraft:vine":16,"luminousworld:clovers_3":1,"minecraft:bone_block":17,"minecraft:white_wool":8,"minecraft:smithing_table":1,"minecraft:mud_brick_slab":1,"minecraft:oak_slab":2,"minecraft:light_gray_carpet":1,"minecraft:glass_pane":2,"minecraft:soul_sand":25,"quark:oak_chest":4,"minecraft:dandelion":1,"iceandfire:frozen_gravel":1,"minecraft:copper_ore":8,"minecraft:tall_grass":13,"minecraft:deepslate_gold_ore":29,"minecraft:diorite":21,"minecraft:black_stained_glass":5,"minecraft:birch_leaves":33,"luminousworld:clovers_5":1,"luminousworld:ishstone":14,"minecraft:gravel":4,"minecraft:acacia_door":1,"minecraft:cobweb":20,"minecraft:stone_bricks":7,"minecraft:iron_trapdoor":1,"luminousworld:white_petunias":8,"minecraft:spruce_planks":8,"iceandfire:graveyard_soil":2,"quark:yellow_blossom_leaves":8,"quark:cherry_chest":1,"minecraft:cobbled_deepslate_stairs":22,"minecraft:brewing_stand":1,"minecraft:spruce_trapdoor":2,"minecraft:grass_block":790,"minecraft:mud_bricks":5,"minecraft:mud_brick_wall":2,"minecraft:glowstone":1,"minecraft:red_nether_brick_stairs":1,"minecraft:iron_ore":13,"iceandfire:dragon_bone_wall":1,"minecraft:black_carpet":4,"minecraft:anvil":2,"minecraft:dark_oak_stairs":1,"minecraft:iron_bars":1,"luminousworld:decorative_brown_2":1,"minecraft:waxed_cut_copper":6,"minecraft:waxed_cut_copper_stairs":2,"minecraft:deepslate_redstone_ore":21,"minecraft:cyan_terracotta":3,"luminousworld:birchtreemushrooms":1,"supplementaries:book_pile":1,"luminousworld:black_patterned_ish_bricks":28,"twilightforest:castle_brick":2,"minecraft:clay":3,"iceandfire:dragon_ice_spikes":5,"minecraft:calcite":3,"minecraft:poppy":2,"iceandfire:ghost_chest":1,"iceandfire:frozen_dirt":3,"minecraft:cobblestone":83,"minecraft:slime_block":2,"placeablesmod:bread_full_block":3,"minecraft:wall_torch":50,"minecraft:seagrass":1,"minecraft:dark_oak_slab":2,"minecraft:birch_log":131,"minecraft:birch_trapdoor":1,"born_in_chaos_v1:river_mint":1,"minecraft:light_gray_wool":1,"minecraft:tnt":6,"quark:glow_shroom":1,"minecraft:smooth_stone_slab":3,"minecraft:oak_log":77,"minecraft:sand":46,"minecraft:dirt":377,"minecraft:oak_leaves":10,"iceandfire:chared_stone":3,"minecraft:red_carpet":1,"minecraft:tuff":74,"minecraft:deepslate_diamond_ore":6,"luminousworld:grassvariant_4":23,"minecraft:lever":1,"luminousworld:clovers_4":2,"minecraft:mangrove_trapdoor":1,"iceandfire:chared_dirt":2,"ecologics:coconut_log":9,"minecraft:acacia_slab":1,"iceandfire:chared_grass":1,"minecraft:hay_block":53,"minecraft:oxidized_cut_copper":3,"minecraft:furnace":2,"minecraft:raw_gold_block":2,"minecraft:gold_block":1,"minecraft:polished_deepslate":1,"minecraft:bookshelf":30,"minecraft:deepslate_iron_ore":26,"minecraft:stone":1314,"luminousworld:soft_birch_log":10,"minecraft:flowering_azalea":1,"born_in_chaos_v1:marigolds":6,"minecraft:oak_fence":3,"minecraft:crafting_table":12,"minecraft:rose_bush":2,"supplementaries:urn":2,"minecraft:gray_wool":12,"minecraft:birch_planks":16,"minecraft:cactus":1,"minecraft:coal_ore":28,"minecraft:cyan_carpet":2,"minecraft:gray_carpet":7,"minecraft:stripped_acacia_wood":3,"minecraft:polished_andesite":1,"minecraft:small_dripleaf":2},"minecraft:dropped":{"iceandfire:chared_stone":3,"minecraft:iron_sword":2,"minecraft:stripped_mangrove_wood":2,"minecraft:glass_bottle":9,"minecraft:diamond":38,"minecraft:glow_berries":4,"minecraft:glow_item_frame":2,"minecraft:red_mushroom":2,"minecraft:red_carpet":36,"minecraft:item_frame":2,"minecraft:gold_block":5,"minecraft:packed_mud":1,"minecraft:dirt":4,"artifacts:thorn_pendant":1,"minecraft:dark_oak_fence":1,"minecraft:jungle_sapling":2,"minecraft:sand":14,"minecraft:dark_oak_planks":3,"minecraft:cyan_carpet":3,"luminousworld:clovers_1":6,"quark:ancient_tome":1,"minecraft:bone":18,"quark:black_shard":3,"minecraft:stone_axe":2,"minecraft:lever":1,"minecraft:iron_nugget":12,"minecraft:cobbled_deepslate":2,"minecraft:black_carpet":2,"minecraft:birch_sapling":6,"iceandfire:sea_serpent_scales_deepblue":11,"undead_revamp2:arapholia":1,"minecraft:rotten_flesh":57,"minecraft:glowstone_dust":5,"illagerinvasion:primal_essence":1,"supplementaries:flax_seeds":2,"luminousworld:grassflowers":1,"minecraft:ladder":15,"minecraft:leather_leggings":3,"minecraft:red_nether_bricks":1,"born_in_chaos_v1:marigolds":7,"minecraft:enchanted_book":1,"minecraft:iron_ingot":212,"minecraft:wheat_seeds":18,"minecraft:mangrove_trapdoor":1,"luminousworld:ishstone":2,"minecraft:cobblestone":20,"minecraft:iron_helmet":4,"minecraft:prismarine_crystals":1,"minecraft:book":1,"minecraft:polished_blackstone_button":2,"minecraft:chainmail_helmet":3,"minecraft:golden_apple":1,"minecraft:rose_bush":2,"minecraft:diamond_helmet":2,"minecraft:potion":1,"minecraft:oak_stairs":1,"minecraft:golden_hoe":1,"minecraft:string":6,"minecraft:gray_carpet":5,"securitycraft:reinforced_stone":1,"minecraft:moss_carpet":8,"ecologics:coconut_planks":1,"minecraft:stone_sword":2,"minecraft:dark_oak_sign":12,"minecraft:cocoa_beans":5,"minecraft:smooth_stone_slab":3,"minecraft:white_carpet":19,"minecraft:iron_boots":2,"twilightforest:castle_brick":192,"sophisticatedbackpacks:backpack":1,"iceandfire:dragon_skull_ice":1,"minecraft:shears":1,"minecraft:diamond_sword":1,"minecraft:spruce_planks":1,"minecraft:spruce_trapdoor":2,"minecraft:bundle":1,"minecraft:stone_bricks":3,"minecraft:bow":1,"luminousworld:blue_petunias":2,"minecraft:vex_armor_trim_smithing_template":2,"minecraft:moss_block":2,"minecraft:brown_mushroom":7,"minecraft:diamond_axe":2,"luminousworld:yellowpetunias":1,"minecraft:oak_log":3,"luminousworld:white_petunias":3,"minecraft:stripped_birch_wood":2,"iceandfire:chared_dirt":1,"minecraft:leather":51,"minecraft:black_banner":1,"minecraft:deepslate_tile_stairs":1,"tombstone:bag_of_seeds":1,"minecraft:netherite_scrap":12,"alexsmobs:cooked_catfish":1,"minecraft:acacia_door":1,"minecraft:birch_log":6,"luminousworld:decorative_brown_2":1,"minecraft:gold_ingot":20,"minecraft:gravel":1,"minecraft:black_terracotta":1,"minecraft:chainmail_chestplate":1,"minecraft:chiseled_stone_bricks":2,"minecraft:poppy":4,"supplementaries:ash":58,"minecraft:birch_trapdoor":1,"born_in_chaos_v1:corpse_maggot":10,"minecraft:acacia_slab":1,"minecraft:birch_door":1,"minecraft:chainmail_boots":2,"minecraft:birch_button":1,"iceandfire:chared_grass":1,"minecraft:bread":2,"minecraft:golden_helmet":1,"minecraft:cherry_log":1,"minecraft:mossy_cobblestone":1,"minecraft:prismarine_shard":3,"minecraft:acacia_trapdoor":6,"luminousworld:black_patterned_ish_bricks":256,"minecraft:mud_brick_wall":3,"born_in_chaos_v1:river_mint":6,"minecraft:diorite":2,"minecraft:torch":3,"minecraft:melon_slice":45,"minecraft:iron_leggings":1,"minecraft:cactus":2,"artifacts:rooted_boots":1,"minecraft:dandelion":1,"minecraft:anvil":1,"minecraft:kelp":1,"minecraft:tuff":15,"iceandfire:witherbone":1,"minecraft:iron_hoe":2,"iceandfire:dragonbone_sword_ice":1,"minecraft:waxed_exposed_cut_copper":4,"minecraft:stripped_acacia_wood":1,"minecraft:totem_of_undying":1,"minecraft:red_nether_brick_stairs":1,"minecraft:filled_map":2,"securitycraft:universal_block_remover":1,"minecraft:mud_bricks":1,"iceandfire:copper_sword":1,"minecraft:iron_chestplate":3,"minecraft:waxed_oxidized_cut_copper":2,"minecraft:diamond_boots":1,"minecraft:stone_pickaxe":5,"minecraft:wooden_pickaxe":2,"minecraft:calcite":1},"minecraft:killed":{"illagerinvasion:archivist":11,"luminousworld:miner_zombie":2,"minecraft:cave_spider":3,"born_in_chaos_v1:zombie_lumberjack":2,"born_in_chaos_v1:skeleton_demoman":1,"undead_revamp2:clogger":2,"born_in_chaos_v1:siamese_skeletonsright":2,"undead_revamp2:theswarmer":1,"born_in_chaos_v1:baby_skeleton_minion":1,"illagerinvasion:basher":8,"minecraft:skeleton":102,"undead_revamp2:deadclogger":2,"luminousworld:dark_oak_skeleton":7,"alexsmobs:leafcutter_ant":1,"born_in_chaos_v1:skeleton_thrasher":2,"enemyexpansion:vampflyer":2,"illagerinvasion:necromancer":1,"illagerinvasion:invoker":1,"enemyexpansion:meature":1,"minecraft:zombie":267,"enemyexpansion:vampire":2,"born_in_chaos_v1:corpse_fly":2,"enemyexpansion:botfly":69,"born_in_chaos_v1:door_knight":3,"iceandfire:sea_serpent":1,"minecraft:cow":6,"enemyexpansion:trollenraged":1,"minecraft:evoker":2,"undead_revamp2:thehunter":3,"enemyexpansion:invisicreeper":1,"minecraft:vindicator":12,"illagerinvasion:marauder":1,"undead_revamp2:bomber":1,"born_in_chaos_v1:thornshell_crab":1,"naturalist:duck":1,"luminousworld:yellow_swallowtail":2,"naturalist:coral_snake":1,"born_in_chaos_v1:dire_hound_leader":1,"enemyexpansion:faller":1,"iceandfire:siren":3,"undead_revamp2:thebidy":1,"born_in_chaos_v1:barrel_zombie":1,"minecraft:husk":22,"earthmobsmod:bouldering_zombie":2,"undead_revamp2:the_moonflower":8,"enemyexpansion:sprinter":1,"minecraft:wandering_trader":1,"minecraft:frog":1,"minecraft:ravager":7,"born_in_chaos_v1:decrepit_skeleton":1,"alexsmobs:catfish":1,"undead_revamp2:thesomnolence":2,"alexsmobs:crocodile":1,"iceandfire:ghost":5,"born_in_chaos_v1:dark_vortex":3,"minecraft:witch":1,"minecraft:spider":6,"minecraft:bee":1,"illagerinvasion:provoker":8,"undead_revamp2:therod":3,"minecraft:illusioner":3,"minecraft:piglin_brute":4,"artifacts:mimic":2,"born_in_chaos_v1:bonescaller":1,"minecraft:zombie_villager":1,"born_in_chaos_v1:diamond_termite":4,"earthmobsmod:lobber_zombie":7,"illagerinvasion:alchemist":1,"minecraft:creeper":5,"minecraft:sheep":1,"minecraft:trader_llama":2,"cataclysm:deepling_brute":1,"born_in_chaos_v1:dread_hound":12,"alexsmobs:terrapin":2,"illagerinvasion:sorcerer":1,"luminousworld:grey_squirrel":2,"iceandfire:pixie":1,"luminousworld:dark_oak_zombie":10,"born_in_chaos_v1:siamese_skeletonsleft":2,"enemyexpansion:wasp":1,"minecraft:vex":2,"undead_revamp2:thegliter":4,"enemyexpansion:direwolf":15,"born_in_chaos_v1:maggot":75,"minecraft:phantom":6,"luminousworld:monarch":1,"born_in_chaos_v1:corpse_fish":2,"undead_revamp2:sucker":4,"born_in_chaos_v1:baby_skeleton":1,"iceandfire:troll":3,"minecraft:bat":1,"minecraft:hoglin":17,"enemyexpansion:huntsman":1,"minecraft:wither_skeleton":51,"enemyexpansion:slugger":54,"illagerinvasion:surrendered":4},"minecraft:killed_by":{"undead_revamp2:the_moonflower":1,"minecraft:ravager":5,"minecraft:zombie":7,"illagerinvasion:invoker":2,"minecraft:wither_skeleton":2,"iceandfire:fire_dragon":1,"minecraft:player":1,"minecraft:skeleton":4}},"DataVersion":3465}