{"stats":{"minecraft:crafted":{"minecraft:oak_planks":20,"quark:birch_chest":4,"minecraft:diamond_helmet":2,"minecraft:melon_seeds":7,"alexsmobs:cooked_catfish":2,"minecraft:emerald":36,"minecraft:diamond_axe":1,"minecraft:crafting_table":5,"minecraft:wooden_pickaxe":1,"minecraft:iron_helmet":2,"minecraft:birch_planks":124,"minecraft:shield":2,"minecraft:stick":16,"minecraft:stone_sword":1,"ecologics:coconut_planks":28,"minecraft:furnace":1,"minecraft:bone_meal":48,"minecraft:diamond":27,"minecraft:iron_hoe":1,"minecraft:stone_pickaxe":2,"minecraft:diamond_boots":1,"minecraft:dark_oak_planks":16,"ecologics:coconut_boat":1,"minecraft:bucket":1,"minecraft:stone_axe":1,"minecraft:bread":5,"minecraft:jungle_planks":80,"minecraft:torch":48,"minecraft:diamond_chestplate":1},"minecraft:killed_by":{"minecraft:ravager":5,"minecraft:zombie":3,"minecraft:skeleton":1},"minecraft:dropped":{"minecraft:moss_block":1,"luminousworld:yellowpetunias":1,"minecraft:glass_bottle":2,"luminousworld:white_petunias":1,"minecraft:glow_berries":4,"minecraft:glow_item_frame":2,"minecraft:red_carpet":2,"minecraft:item_frame":2,"minecraft:packed_mud":1,"minecraft:jungle_sapling":2,"alexsmobs:cooked_catfish":1,"minecraft:acacia_door":1,"minecraft:birch_log":6,"luminousworld:decorative_brown_2":1,"luminousworld:clovers_1":6,"minecraft:bone":2,"minecraft:stone_axe":1,"minecraft:lever":1,"minecraft:iron_nugget":5,"minecraft:birch_sapling":2,"minecraft:black_terracotta":1,"minecraft:rotten_flesh":4,"supplementaries:ash":1,"born_in_chaos_v1:corpse_maggot":1,"minecraft:leather_leggings":3,"born_in_chaos_v1:marigolds":4,"minecraft:enchanted_book":1,"minecraft:bread":2,"minecraft:wheat_seeds":5,"minecraft:iron_helmet":3,"minecraft:book":1,"minecraft:polished_blackstone_button":2,"minecraft:chainmail_helmet":2,"minecraft:acacia_trapdoor":6,"minecraft:mud_brick_wall":3,"minecraft:diamond_helmet":1,"minecraft:cactus":2,"minecraft:string":6,"minecraft:gray_carpet":5,"minecraft:dandelion":1,"minecraft:moss_carpet":5,"ecologics:coconut_planks":1,"minecraft:stone_sword":2,"minecraft:cocoa_beans":5,"minecraft:waxed_exposed_cut_copper":4,"minecraft:mud_bricks":1,"minecraft:iron_chestplate":1,"minecraft:waxed_oxidized_cut_copper":2,"minecraft:stone_pickaxe":5,"minecraft:wooden_pickaxe":2},"minecraft:used":{"minecraft:shield":122,"minecraft:iron_sword":18,"ecologics:coconut_planks":18,"minecraft:rotten_flesh":3,"minecraft:iron_chestplate":1,"minecraft:jungle_planks":58,"friendsandfoes:totem_of_illusion":1,"minecraft:birch_sapling":4,"minecraft:iron_helmet":1,"minecraft:dark_oak_slab":3,"minecraft:furnace":1,"minecraft:gray_carpet":5,"minecraft:stone_pickaxe":27,"minecraft:oak_planks":20,"minecraft:wooden_pickaxe":8,"minecraft:diamond_axe":117,"minecraft:cookie":5,"minecraft:golden_apple":13,"minecraft:glow_berries":7,"alexscaves:cave_book":3,"minecraft:blast_furnace":2,"minecraft:black_terracotta":1,"minecraft:acacia_door":2,"minecraft:cyan_bed":2,"minecraft:bread":25,"minecraft:melon_slice":28,"minecraft:diamond_sword":604,"minecraft:bone_meal":48,"quark:birch_chest":4,"minecraft:stone_sword":46,"minecraft:torch":55,"minecraft:dirt":12,"minecraft:anvil":1,"minecraft:granite":4,"minecraft:iron_hoe":54,"minecraft:dark_oak_planks":14,"minecraft:slime_block":2,"minecraft:iron_boots":1,"minecraft:mud_bricks":4,"minecraft:barrel":1,"minecraft:melon_seeds":7,"minecraft:golden_carrot":3,"ecologics:coconut_boat":1,"tombstone:gift":6,"minecraft:wheat_seeds":34,"minecraft:water_bucket":22,"alexsmobs:cooked_catfish":1,"minecraft:birch_planks":80,"minecraft:waxed_oxidized_cut_copper":1,"luminousworld:white_petunias":5,"minecraft:crafting_table":4,"minecraft:smoker":1,"tombstone:bag_of_seeds":1,"minecraft:diamond_pickaxe":342,"minecraft:diamond_shovel":1,"minecraft:stone_axe":135,"minecraft:cobblestone":27,"minecraft:potion":2,"minecraft:bucket":23,"alexsmobs:animal_dictionary":3},"minecraft:killed":{"illagerinvasion:archivist":1,"minecraft:cave_spider":1,"born_in_chaos_v1:siamese_skeletonsright":1,"born_in_chaos_v1:baby_skeleton_minion":1,"illagerinvasion:basher":2,"undead_revamp2:theswarmer":1,"minecraft:skeleton":13,"minecraft:bee":1,"luminousworld:dark_oak_skeleton":2,"alexsmobs:leafcutter_ant":1,"illagerinvasion:provoker":2,"minecraft:illusioner":2,"artifacts:mimic":1,"born_in_chaos_v1:bonescaller":1,"minecraft:creeper":4,"minecraft:zombie":13,"alexsmobs:terrapin":2,"born_in_chaos_v1:corpse_fly":1,"luminousworld:grey_squirrel":2,"enemyexpansion:botfly":1,"born_in_chaos_v1:door_knight":1,"luminousworld:dark_oak_zombie":3,"enemyexpansion:wasp":1,"born_in_chaos_v1:siamese_skeletonsleft":1,"undead_revamp2:thegliter":2,"minecraft:vindicator":1,"naturalist:duck":1,"enemyexpansion:direwolf":5,"luminousworld:yellow_swallowtail":1,"born_in_chaos_v1:maggot":7,"naturalist:coral_snake":1,"undead_revamp2:sucker":2,"undead_revamp2:the_moonflower":4,"enemyexpansion:sprinter":1,"minecraft:ravager":7,"alexsmobs:catfish":1,"iceandfire:ghost":3,"minecraft:wither_skeleton":5},"minecraft:custom":{"minecraft:interact_with_crafting_table":17,"minecraft:open_barrel":21,"minecraft:leave_game":1,"minecraft:time_since_death":105700,"minecraft:sprint_one_cm":388796,"minecraft:damage_blocked_by_shield":3990,"minecraft:drop":105,"minecraft:talked_to_villager":3,"minecraft:play_time":158128,"minecraft:deaths":10,"minecraft:jump":1718,"minecraft:walk_on_water_one_cm":33070,"minecraft:interact_with_furnace":7,"minecraft:sleep_in_bed":2,"minecraft:damage_dealt":28398,"minecraft:crouch_one_cm":20414,"tombstone:undead_killed":54,"minecraft:interact_with_smoker":1,"minecraft:interact_with_anvil":4,"minecraft:mob_kills":113,"minecraft:damage_dealt_resisted":392,"minecraft:climb_one_cm":20264,"minecraft:walk_one_cm":603738,"minecraft:sneak_time":9240,"minecraft:walk_under_water_one_cm":7707,"minecraft:boat_one_cm":4905,"minecraft:interact_with_blast_furnace":2,"minecraft:total_world_time":158128,"tombstone:raider_killed":15,"minecraft:tune_noteblock":32,"minecraft:interact_with_stonecutter":1,"minecraft:time_since_rest":33970,"minecraft:damage_taken":5806,"minecraft:damage_absorbed":507,"minecraft:trigger_trapped_chest":2,"minecraft:swim_one_cm":11457,"minecraft:fly_one_cm":195910,"minecraft:open_chest":92,"minecraft:fall_one_cm":34523},"minecraft:broken":{"minecraft:iron_boots":1,"minecraft:stone_axe":1,"minecraft:shield":1,"minecraft:iron_helmet":1},"minecraft:mined":{"luminousworld:white_petunias":5,"minecraft:dark_oak_planks":26,"quark:yellow_blossom_leaves":8,"minecraft:black_terracotta":2,"minecraft:jungle_leaves":2,"minecraft:brewing_stand":1,"minecraft:obsidian":4,"minecraft:grass_block":5,"minecraft:jungle_log":20,"minecraft:mud_bricks":4,"minecraft:mud_brick_wall":2,"minecraft:spawner":3,"minecraft:fire":7,"minecraft:iron_ore":1,"minecraft:deepslate_lapis_ore":4,"placeablesmod:empty_bucket_block":2,"minecraft:cave_vines":1,"minecraft:dirt_path":1,"luminousworld:decorative_brown_2":1,"minecraft:waxed_cut_copper":6,"minecraft:waxed_cut_copper_stairs":2,"minecraft:deepslate_redstone_ore":13,"minecraft:red_bed":1,"minecraft:smoker":1,"minecraft:torch":1,"minecraft:blast_furnace":3,"minecraft:poppy":2,"minecraft:melon":11,"iceandfire:ghost_chest":1,"quark:blossom_log":7,"minecraft:cobblestone":14,"minecraft:slime_block":2,"minecraft:cyan_bed":2,"minecraft:wall_torch":2,"minecraft:birch_log":91,"minecraft:wheat":7,"minecraft:tnt":1,"quark:glow_shroom":1,"minecraft:grass":43,"minecraft:oak_log":11,"minecraft:dirt":8,"luminousworld:grassvariant_3":9,"minecraft:deepslate":166,"minecraft:red_carpet":1,"minecraft:tuff":29,"iceandfire:silver_ore":12,"minecraft:mossy_cobblestone":5,"luminousworld:grassvariant_4":22,"minecraft:deepslate_diamond_ore":3,"minecraft:dark_oak_log":4,"minecraft:lever":1,"luminousworld:clovers_4":2,"minecraft:jungle_planks":3,"alexsmobs:leafcutter_ant_chamber":2,"luminousworld:grassvariant_2":26,"ecologics:coconut_log":9,"minecraft:moss_block":1,"minecraft:packed_mud":1,"minecraft:waxed_oxidized_cut_copper":4,"minecraft:furnace":1,"minecraft:bookshelf":30,"minecraft:deepslate_iron_ore":13,"minecraft:vine":13,"luminousworld:clovers_3":1,"minecraft:stone":59,"minecraft:light_gray_carpet":1,"minecraft:mud_brick_slab":1,"minecraft:oak_slab":2,"born_in_chaos_v1:marigolds":6,"minecraft:dandelion":1,"minecraft:oak_fence":3,"minecraft:crafting_table":1,"minecraft:tall_grass":7,"minecraft:deepslate_gold_ore":4,"minecraft:birch_planks":2,"minecraft:cactus":1,"minecraft:birch_leaves":31,"minecraft:coal_ore":10,"luminousworld:clovers_5":1,"minecraft:acacia_door":1,"minecraft:gray_carpet":7,"minecraft:cobweb":6,"minecraft:stripped_acacia_wood":2},"minecraft:picked_up":{"minecraft:iron_chestplate":1,"minecraft:wheat":15,"illagerinvasion:platinum_chunk":3,"minecraft:diamond_sword":2,"enemyexpansion:wasp_thorax":1,"minecraft:enchanted_book":2,"minecraft:potion":2,"minecraft:brewing_stand":1,"iceandfire:manuscript":2,"minecraft:string":8,"minecraft:diamond_leggings":1,"minecraft:cobbled_deepslate":12,"minecraft:bucket":2,"minecraft:waxed_exposed_cut_copper":4,"minecraft:ender_eye":2,"minecraft:melon_slice":60,"minecraft:iron_boots":1,"minecraft:furnace":1,"minecraft:stick":9,"born_in_chaos_v1:shattered_skull":1,"minecraft:torch":3,"quark:blossom_log":7,"tombstone:grave_dust":8,"minecraft:goat_horn":1,"minecraft:stone_sword":1,"minecraft:cactus":2,"minecraft:rotten_flesh":15,"ecologics:coconut_log":7,"supplementaries:ash":23,"minecraft:obsidian":3,"undead_revamp2:arapholia":1,"minecraft:cobblestone":52,"minecraft:birch_log":88,"minecraft:jungle_log":20,"minecraft:smoker":1,"artifacts:thorn_pendant":1,"supplementaries:flax_seeds":5,"minecraft:lapis_lazuli":12,"minecraft:dirt":14,"born_in_chaos_v1:marigolds":6,"minecraft:bone":12,"minecraft:wheat_seeds":43,"minecraft:raw_gold":4,"minecraft:moss_block":1,"minecraft:black_terracotta":2,"minecraft:jungle_planks":3,"sophisticatedbackpacks:iron_backpack":1,"minecraft:cyan_bed":2,"minecraft:diamond_block":1,"minecraft:dark_oak_log":4,"minecraft:barrel":1,"minecraft:diamond":5,"minecraft:slime_block":2,"minecraft:lever":1,"minecraft:polished_blackstone_button":2,"minecraft:granite":4,"minecraft:golden_apple":14,"minecraft:emerald":6,"minecraft:chainmail_helmet":2,"minecraft:bread":35,"iceandfire:raw_silver":12,"minecraft:diamond_pickaxe":1,"minecraft:waxed_oxidized_cut_copper":3,"minecraft:cocoa_beans":5,"minecraft:crafting_table":1,"luminousworld:decorative_brown_2":1,"iceandfire:witherbone":1,"minecraft:leather_leggings":3,"friendsandfoes:totem_of_illusion":2,"minecraft:wooden_pickaxe":1,"minecraft:moss_carpet":6,"minecraft:acacia_door":3,"minecraft:item_frame":2,"takesapillage:ravager_horn":3,"minecraft:jungle_sapling":2,"minecraft:iron_nugget":5,"minecraft:birch_sapling":11,"minecraft:raw_iron":14,"minecraft:glow_item_frame":2,"minecraft:cookie":15,"luminousworld:raw_squirrel":2,"minecraft:redstone":58,"minecraft:dark_oak_planks":39,"minecraft:tnt":1,"minecraft:arrow":14,"born_in_chaos_v1:corpse_maggot":6,"minecraft:mud_bricks":5,"minecraft:golden_carrot":3,"luminousworld:ishstone":2,"minecraft:birch_planks":2,"minecraft:packed_mud":1,"minecraft:oak_log":10,"minecraft:gunpowder":6,"minecraft:paper":1,"minecraft:red_carpet":2,"minecraft:gray_carpet":10,"minecraft:acacia_trapdoor":6,"minecraft:stone_pickaxe":3,"minecraft:iron_ingot":1,"tombstone:bag_of_seeds":3,"luminousworld:white_petunias":6,"minecraft:iron_sword":1,"minecraft:book":89,"luminousworld:clovers_1":10,"minecraft:dark_oak_slab":3,"minecraft:dandelion":1,"minecraft:blast_furnace":3,"illagerinvasion:illusionary_dust":1,"minecraft:dark_oak_fence_gate":1,"alexsmobs:raw_catfish":2,"minecraft:diamond_shovel":1,"minecraft:stone_axe":1,"minecraft:iron_helmet":2,"minecraft:coal":27}},"DataVersion":3465}