{
  "iceandfire:iceandfire/root": {
    "criteria": {
      "tick": "2024-11-06 18:15:47 +0000"
    },
    "done": true
  },
  "takesapillage:root": {
    "criteria": {
      "always": "2024-11-06 18:15:47 +0000"
    },
    "done": true
  },
  "explorerscompass:explorers_compass_cracked_stone_bricks": {
    "criteria": {
      "has_recipe": "2024-11-06 18:15:47 +0000"
    },
    "done": true
  },
  "dungeons_arise:wda_root": {
    "criteria": {
      "WDA": "2024-11-06 18:15:47 +0000"
    },
    "done": true
  },
  "undead_revamp2:theundeadchallenges": {
    "criteria": {
      "theundeadchallenges": "2024-11-06 18:15:47 +0000"
    },
    "done": true
  },
  "friendsandfoes:misc/yellow_dye_from_buttercup": {
    "criteria": {
      "has_the_recipe": "2024-11-06 18:15:47 +0000"
    },
    "done": true
  },
  "naturescompass:natures_compass_log": {
    "criteria": {
      "has_recipe": "2024-11-06 18:15:47 +0000"
    },
    "done": true
  },
  "naturescompass:natures_compass": {
    "criteria": {
      "has_recipe": "2024-11-06 18:15:47 +0000"
    },
    "done": true
  },
  "naturescompass:natures_compass_sapling": {
    "criteria": {
      "has_recipe": "2024-11-06 18:15:47 +0000"
    },
    "done": true
  },
  "mowziesmobs:root": {
    "criteria": {
      "custom_test_name": "2024-11-06 18:15:47 +0000"
    },
    "done": true
  },
  "betterdungeons:root": {
    "criteria": {
      "always": "2024-11-06 18:15:47 +0000"
    },
    "done": true
  },
  "placeablesmod:placeables": {
    "criteria": {
      "placeables": "2024-11-06 18:15:47 +0000"
    },
    "done": true
  },
  "explorerscompass:explorers_compass_cobweb": {
    "criteria": {
      "has_recipe": "2024-11-06 18:15:47 +0000"
    },
    "done": true
  },
  "eeeabsmobs:eeeabsmobs/root": {
    "criteria": {
      "requirement": "2024-11-06 18:15:47 +0000"
    },
    "done": true
  },
  "betterdeserttemples:root": {
    "criteria": {
      "always": "2024-11-06 18:15:47 +0000"
    },
    "done": true
  },
  "cataclysm:root": {
    "criteria": {
      "custom_test_name": "2024-11-06 18:15:47 +0000"
    },
    "done": true
  },
  "incendium:technical/new_player": {
    "criteria": {
      "requirement": "2024-11-06 18:15:47 +0000"
    },
    "done": true
  },
  "explorerscompass:explorers_compass": {
    "criteria": {
      "has_recipe": "2024-11-06 18:15:47 +0000"
    },
    "done": true
  },
  "incendium:technical/scroll_of_returning": {
    "criteria": {
      "log_spam_fixer": "2024-11-06 18:15:48 +0000"
    },
    "done": false
  },
  "incendium:technical/using/ragnarok": {
    "criteria": {
      "log_spam_fixer": "2024-11-06 18:15:48 +0000"
    },
    "done": false
  },
  "incendium:technical/using/trailblazer": {
    "criteria": {
      "log_spam_fixer": "2024-11-06 18:15:48 +0000"
    },
    "done": false
  },
  "minecraft:adventure/adventuring_time": {
    "criteria": {
      "minecraft:old_growth_pine_taiga": "2024-11-10 15:59:47 +0000",
      "minecraft:taiga": "2024-11-08 16:48:34 +0000",
      "minecraft:deep_ocean": "2024-11-09 01:10:05 +0000",
      "quark:glimmering_weald": "2024-11-06 19:54:04 +0000",
      "minecraft:birch_forest": "2024-11-06 19:01:31 +0000",
      "minecraft:beach": "2024-11-06 20:08:35 +0000",
      "minecraft:dark_forest": "2024-11-06 19:37:19 +0000",
      "minecraft:sparse_jungle": "2024-11-06 18:32:21 +0000",
      "minecraft:river": "2024-11-06 18:26:53 +0000",
      "minecraft:stony_shore": "2024-11-08 16:30:47 +0000",
      "minecraft:dripstone_caves": "2024-11-07 22:14:53 +0000",
      "minecraft:snowy_taiga": "2024-11-08 18:06:21 +0000",
      "minecraft:cold_ocean": "2024-11-08 18:03:28 +0000",
      "minecraft:forest": "2024-11-06 19:03:44 +0000",
      "minecraft:lush_caves": "2024-11-06 19:35:50 +0000",
      "minecraft:deep_cold_ocean": "2024-11-08 18:00:24 +0000",
      "minecraft:frozen_ocean": "2024-11-08 17:58:28 +0000",
      "minecraft:windswept_forest": "2024-11-06 20:23:50 +0000",
      "minecraft:deep_frozen_ocean": "2024-11-08 17:58:54 +0000",
      "minecraft:jungle": "2024-11-06 18:15:48 +0000",
      "minecraft:ocean": "2024-11-06 20:48:42 +0000",
      "minecraft:old_growth_spruce_taiga": "2024-11-10 16:07:14 +0000",
      "minecraft:windswept_savanna": "2024-11-10 17:13:57 +0000",
      "minecraft:old_growth_birch_forest": "2024-11-06 19:00:58 +0000",
      "minecraft:meadow": "2024-11-06 21:21:13 +0000",
      "minecraft:plains": "2024-11-06 19:29:25 +0000"
    },
    "done": false
  },
  "incendium:technical/using/shield": {
    "criteria": {
      "log_spam_fixer": "2024-11-06 18:15:48 +0000"
    },
    "done": false
  },
  "tombstone:adventure/root": {
    "criteria": {
      "auto": "2024-11-06 18:15:48 +0000"
    },
    "done": true
  },
  "alexsmobs:alexsmobs/root": {
    "criteria": {
      "useitem": "2024-11-06 18:16:48 +0000"
    },
    "done": true
  },
  "minecraft:husbandry/root": {
    "criteria": {
      "consumed_item": "2024-11-06 18:16:48 +0000"
    },
    "done": true
  },
  "dungeons_arise:find_mechanical_nest": {
    "criteria": {
      "location0": "2024-11-06 18:18:43 +0000"
    },
    "done": true
  },
  "minecraft:story/root": {
    "criteria": {
      "crafting_table": "2024-11-06 18:19:40 +0000"
    },
    "done": true
  },
  "minecraft:story/mine_stone": {
    "criteria": {
      "get_stone": "2024-11-06 18:20:01 +0000"
    },
    "done": true
  },
  "minecraft:story/upgrade_tools": {
    "criteria": {
      "stone_pickaxe": "2024-11-06 18:20:28 +0000"
    },
    "done": true
  },
  "mutantmonsters:root": {
    "criteria": {
      "killed_something": "2024-11-06 18:25:12 +0000"
    },
    "done": true
  },
  "tombstone:adventure/find_grave_dust": {
    "criteria": {
      "from_undead": "2024-11-06 18:25:12 +0000"
    },
    "done": true
  },
  "minecraft:adventure/root": {
    "criteria": {
      "killed_something": "2024-11-06 18:25:12 +0000"
    },
    "done": true
  },
  "minecraft:adventure/kill_all_mobs": {
    "criteria": {
      "minecraft:blaze": "2024-11-09 16:14:27 +0000",
      "minecraft:skeleton": "2024-11-06 18:29:35 +0000",
      "minecraft:ravager": "2024-11-06 18:43:15 +0000",
      "minecraft:ghast": "2024-11-09 16:48:04 +0000",
      "minecraft:hoglin": "2024-11-09 01:40:13 +0000",
      "minecraft:vindicator": "2024-11-06 20:14:18 +0000",
      "minecraft:magma_cube": "2024-11-09 16:16:01 +0000",
      "minecraft:spider": "2024-11-06 20:47:32 +0000",
      "minecraft:piglin_brute": "2024-11-08 17:01:15 +0000",
      "minecraft:creeper": "2024-11-06 18:44:51 +0000",
      "minecraft:evoker": "2024-11-06 21:18:37 +0000",
      "quark:forgotten": "2024-11-10 16:11:10 +0000",
      "minecraft:phantom": "2024-11-09 01:54:51 +0000",
      "minecraft:witch": "2024-11-07 22:11:37 +0000",
      "minecraft:wither_skeleton": "2024-11-06 18:25:12 +0000",
      "minecraft:husk": "2024-11-06 20:52:39 +0000",
      "minecraft:cave_spider": "2024-11-06 19:37:30 +0000",
      "minecraft:piglin": "2024-11-09 16:56:42 +0000",
      "minecraft:stray": "2024-11-06 20:24:57 +0000",
      "minecraft:vex": "2024-11-06 21:18:08 +0000",
      "minecraft:zombie": "2024-11-06 18:53:54 +0000",
      "minecraft:zombie_villager": "2024-11-08 15:46:24 +0000"
    },
    "done": false
  },
  "minecraft:adventure/kill_a_mob": {
    "criteria": {
      "minecraft:wither_skeleton": "2024-11-06 18:25:12 +0000"
    },
    "done": true
  },
  "minecraft:story/obtain_armor": {
    "criteria": {
      "iron_chestplate": "2024-11-06 18:26:40 +0000"
    },
    "done": true
  },
  "minecraft:story/shiny_gear": {
    "criteria": {
      "diamond_leggings": "2024-11-06 18:27:20 +0000"
    },
    "done": true
  },
  "tombstone:recipes/from_grave_dust": {
    "criteria": {
      "has_ingredient": "2024-11-06 18:27:23 +0000"
    },
    "done": true
  },
  "minecraft:story/smelt_iron": {
    "criteria": {
      "iron": "2024-11-06 18:27:28 +0000"
    },
    "done": true
  },
  "minecraft:husbandry/balanced_diet": {
    "criteria": {
      "cooked_porkchop": "2024-11-09 17:55:29 +0000",
      "cooked_beef": "2024-11-07 22:25:42 +0000",
      "baked_potato": "2024-11-07 22:38:53 +0000",
      "pumpkin_pie": "2024-11-08 16:45:31 +0000",
      "golden_apple": "2024-11-06 18:45:41 +0000",
      "bread": "2024-11-06 19:27:55 +0000",
      "rotten_flesh": "2024-11-06 19:00:53 +0000",
      "cookie": "2024-11-06 19:50:58 +0000",
      "glow_berries": "2024-11-06 18:27:33 +0000",
      "salmon": "2024-11-07 22:21:17 +0000",
      "melon_slice": "2024-11-06 19:32:28 +0000",
      "golden_carrot": "2024-11-06 19:03:09 +0000",
      "carrot": "2024-11-07 22:14:37 +0000"
    },
    "done": false
  },
  "tombstone:adventure/first_knowledge": {
    "criteria": {
      "coded_trigger": "2024-11-06 18:30:17 +0000"
    },
    "done": true
  },
  "tombstone:adventure/ashes_and_bones": {
    "criteria": {
      "coded_trigger": "2024-11-06 18:30:17 +0000"
    },
    "done": true
  },
  "tombstone:adventure/choose_knowledge": {
    "criteria": {
      "coded_trigger": "2024-11-06 18:31:05 +0000"
    },
    "done": true
  },
  "minecraft:story/mine_diamond": {
    "criteria": {
      "diamond": "2024-11-06 18:36:35 +0000"
    },
    "done": true
  },
  "tombstone:adventure/first_grave": {
    "criteria": {
      "coded_trigger": "2024-11-06 18:37:03 +0000"
    },
    "done": true
  },
  "tombstone:recipes/from_grave_key": {
    "criteria": {
      "has_ingredient": "2024-11-06 18:37:05 +0000"
    },
    "done": true
  },
  "tombstone:adventure/enchant_grave_key": {
    "criteria": {
      "has_upgraded_grave_key": "2024-11-06 18:37:05 +0000"
    },
    "done": true
  },
  "tombstone:adventure/teleport_to_grave": {
    "criteria": {
      "coded_trigger": "2024-11-06 18:37:12 +0000"
    },
    "done": true
  },
  "tombstone:adventure/chain_death": {
    "criteria": {
      "coded_trigger": "2024-11-06 18:40:03 +0000"
    },
    "done": true
  },
  "tombstone:adventure/cancel_ghostly_shape": {
    "criteria": {
      "coded_trigger": "2024-11-06 18:41:15 +0000"
    },
    "done": true
  },
  "tombstone:adventure/ambush": {
    "criteria": {
      "coded_trigger": "2024-11-06 18:43:15 +0000"
    },
    "done": true
  },
  "endrem:main/eyes_recipe": {
    "criteria": {
      "eyes": "2024-11-06 18:43:34 +0000"
    },
    "done": true
  },
  "minecraft:story/deflect_arrow": {
    "criteria": {
      "deflected_projectile": "2024-11-06 18:43:49 +0000"
    },
    "done": true
  },
  "alexscaves:alexscaves/root": {
    "criteria": {
      "underground_cabin": "2024-11-06 19:04:32 +0000"
    },
    "done": true
  },
  "alexscaves:alexscaves/cave_book": {
    "criteria": {
      "cave_book": "2024-11-06 19:05:34 +0000"
    },
    "done": true
  },
  "alexscaves:alexscaves/cave_tablet": {
    "criteria": {
      "cave_tablet": "2024-11-06 19:05:44 +0000"
    },
    "done": true
  },
  "minecraft:husbandry/plant_seed": {
    "criteria": {
      "wheat": "2024-11-06 19:22:57 +0000"
    },
    "done": true
  },
  "minecraft:story/form_obsidian": {
    "criteria": {
      "obsidian": "2024-11-06 19:44:24 +0000"
    },
    "done": true
  },
  "artifacts:amateur_archaeologist": {
    "criteria": {
      "find_artifact": "2024-11-06 19:48:11 +0000"
    },
    "done": true
  },
  "artifacts:chest_slayer": {
    "criteria": {
      "kill_mimic": "2024-11-06 19:49:35 +0000"
    },
    "done": true
  },
  "minecraft:adventure/sleep_in_bed": {
    "criteria": {
      "slept_in_bed": "2024-11-06 19:49:58 +0000"
    },
    "done": true
  },
  "dungeons_arise:find_fishing_hut": {
    "criteria": {
      "location0": "2024-11-06 20:09:34 +0000"
    },
    "done": true
  },
  "tombstone:adventure/fortuitous_militia": {
    "criteria": {
      "coded_trigger": "2024-11-06 20:13:28 +0000"
    },
    "done": true
  },
  "friendsandfoes:adventure/kill_illusioner": {
    "criteria": {
      "killed_illusioner": "2024-11-06 20:15:15 +0000"
    },
    "done": true
  },
  "friendsandfoes:adventure/the_magicians": {
    "criteria": {
      "killed_evoker": "2024-11-06 21:18:37 +0000",
      "killed_illusioner": "2024-11-06 20:15:15 +0000"
    },
    "done": false
  },
  "iceandfire:iceandfire/kill_ghost": {
    "criteria": {
      "killed_fire_dragon": "2024-11-06 20:19:37 +0000"
    },
    "done": true
  },
  "dungeons_arise:find_abandoned_temple": {
    "criteria": {
      "location0": "2024-11-06 20:23:57 +0000"
    },
    "done": true
  },
  "tombstone:adventure/bone_crusher": {
    "criteria": {
      "coded_trigger": "2024-11-06 20:25:13 +0000"
    },
    "done": true
  },
  "alexscaves:alexscaves/burrowing_arrow": {
    "criteria": {
      "burrowing_arrow": "2024-11-06 20:26:56 +0000"
    },
    "done": true
  },
  "dungeons_arise:find_bathhouse": {
    "criteria": {
      "location0": "2024-11-06 20:51:43 +0000"
    },
    "done": true
  },
  "tombstone:adventure/neighborhood_brawl": {
    "criteria": {
      "coded_trigger": "2024-11-06 22:46:25 +0000"
    },
    "done": true
  },
  "tombstone:adventure/strong_or_careful": {
    "criteria": {
      "coded_trigger": "2024-11-07 19:53:12 +0000"
    },
    "done": true
  },
  "enemyexpansion:vampire_slayer": {
    "criteria": {
      "vampire_slayer_0": "2024-11-07 21:48:34 +0000"
    },
    "done": true
  },
  "quark:mine_toretoise": {
    "criteria": {
      "mine_toretoise": "2024-11-07 21:50:50 +0000"
    },
    "done": true
  },
  "undead_revamp2:parry": {
    "criteria": {
      "parry": "2024-11-07 21:51:31 +0000"
    },
    "done": true
  },
  "betterdungeons:all_dungeons": {
    "criteria": {
      "in_better_zombie_dungeon": "2024-11-08 17:27:57 +0000",
      "in_better_monster_room": "2024-11-07 21:53:07 +0000",
      "in_better_skeleton_dungeon": "2024-11-10 16:10:39 +0000"
    },
    "done": false
  },
  "betterdungeons:small_dungeon": {
    "criteria": {
      "in_better_monster_room": "2024-11-07 21:53:07 +0000"
    },
    "done": true
  },
  "tombstone:adventure/create_magic_tablet": {
    "criteria": {
      "has_magic_tablet": "2024-11-07 21:53:14 +0000"
    },
    "done": true
  },
  "undead_revamp2:nightnight": {
    "criteria": {
      "nightnight": "2024-11-07 21:59:17 +0000"
    },
    "done": true
  },
  "enemyexpansion:hunted": {
    "criteria": {
      "hunted_0": "2024-11-07 22:18:54 +0000"
    },
    "done": true
  },
  "enemyexpansion:troll_hunter": {
    "criteria": {
      "troll_hunter_0": "2024-11-07 22:20:05 +0000"
    },
    "done": true
  },
  "tombstone:adventure/use_cupidity": {
    "criteria": {
      "coded_trigger": "2024-11-07 22:31:40 +0000"
    },
    "done": true
  },
  "tombstone:adventure/create_magic_scroll": {
    "criteria": {
      "has_magic_scroll": "2024-11-07 22:32:00 +0000"
    },
    "done": true
  },
  "tombstone:adventure/use_true_sight": {
    "criteria": {
      "has_magic_scroll": "2024-11-07 22:35:32 +0000"
    },
    "done": true
  },
  "tombstone:adventure/mutual_aid": {
    "criteria": {
      "coded_trigger": "2024-11-07 22:35:48 +0000"
    },
    "done": true
  },
  "tombstone:adventure/use_feather_fall": {
    "criteria": {
      "has_magic_scroll": "2024-11-07 22:35:48 +0000"
    },
    "done": true
  },
  "minecraft:adventure/avoid_vibration": {
    "criteria": {
      "avoid_vibration": "2024-11-08 15:08:30 +0000"
    },
    "done": true
  },
  "tombstone:recipes/from_white_marble": {
    "criteria": {
      "has_ingredient": "2024-11-08 15:17:14 +0000"
    },
    "done": true
  },
  "tombstone:adventure/create_grave_marble": {
    "criteria": {
      "has_grave_marble": "2024-11-08 15:17:14 +0000"
    },
    "done": true
  },
  "minecraft:nether/brew_potion": {
    "criteria": {
      "potion": "2024-11-08 15:31:10 +0000"
    },
    "done": true
  },
  "iceandfire:iceandfire/kill_troll": {
    "criteria": {
      "killed_fire_dragon": "2024-11-08 15:50:31 +0000"
    },
    "done": true
  },
  "minecraft:adventure/shoot_arrow": {
    "criteria": {
      "shot_arrow": "2024-11-08 15:53:04 +0000"
    },
    "done": true
  },
  "tombstone:adventure/village_defender": {
    "criteria": {
      "coded_trigger": "2024-11-08 15:55:24 +0000"
    },
    "done": true
  },
  "minecraft:adventure/totem_of_undying": {
    "criteria": {
      "used_totem": "2024-11-08 16:09:06 +0000"
    },
    "done": true
  },
  "tombstone:adventure/create_decorative_grave": {
    "criteria": {
      "has_decorative_grave": "2024-11-08 16:14:40 +0000"
    },
    "done": true
  },
  "tombstone:recipes/from_decorative_grave": {
    "criteria": {
      "has_ingredient": "2024-11-08 16:14:40 +0000"
    },
    "done": true
  },
  "iceandfire:iceandfire/kill_siren": {
    "criteria": {
      "killed_fire_dragon": "2024-11-08 16:29:53 +0000"
    },
    "done": true
  },
  "undead_revamp2:cloggeradvance": {
    "criteria": {
      "cloggeradvance": "2024-11-08 16:46:48 +0000"
    },
    "done": true
  },
  "dungeons_arise:find_mushroom_house": {
    "criteria": {
      "location0": "2024-11-08 17:00:35 +0000"
    },
    "done": true
  },
  "dungeons_arise:find_small_blimp": {
    "criteria": {
      "location0": "2024-11-08 17:16:53 +0000"
    },
    "done": true
  },
  "dungeons_arise:find_lighthouse": {
    "criteria": {
      "location0": "2024-11-08 17:22:57 +0000"
    },
    "done": true
  },
  "betterdungeons:zombie_dungeon": {
    "criteria": {
      "in_better_zombie_dungeon": "2024-11-08 17:27:57 +0000"
    },
    "done": true
  },
  "minecraft:story/iron_tools": {
    "criteria": {
      "iron_pickaxe": "2024-11-08 17:48:38 +0000"
    },
    "done": true
  },
  "tombstone:adventure/use_knowledge": {
    "criteria": {
      "coded_trigger": "2024-11-08 17:55:52 +0000"
    },
    "done": true
  },
  "dungeons_arise:find_illager_corsair_or_illager_galley": {
    "criteria": {
      "location0": "2024-11-08 18:00:51 +0000"
    },
    "done": true
  },
  "iceandfire:iceandfire/kill_sea_serpent": {
    "criteria": {
      "killed_fire_dragon": "2024-11-08 18:05:59 +0000"
    },
    "done": true
  },
  "iceandfire:iceandfire/kill_if_dragon": {
    "criteria": {
      "killed_ice_dragon": "2024-11-08 18:08:55 +0000"
    },
    "done": true
  },
  "iceandfire:iceandfire/dragonbone_flaming_sword": {
    "criteria": {
      "sword": "2024-11-08 18:12:19 +0000"
    },
    "done": true
  },
  "minecraft:story/enchant_item": {
    "criteria": {
      "enchanted_item": "2024-11-08 19:11:00 +0000"
    },
    "done": true
  },
  "tombstone:adventure/use_disenchantment": {
    "criteria": {
      "coded_trigger": "2024-11-09 00:50:56 +0000"
    },
    "done": true
  },
  "tombstone:adventure/consume_soul": {
    "criteria": {
      "coded_trigger": "2024-11-09 00:50:56 +0000"
    },
    "done": true
  },
  "tombstone:adventure/first_pray": {
    "criteria": {
      "coded_trigger": "2024-11-09 00:51:06 +0000"
    },
    "done": true
  },
  "tombstone:adventure/create_strange_scroll": {
    "criteria": {
      "has_strange_scroll": "2024-11-09 00:52:26 +0000"
    },
    "done": true
  },
  "tombstone:adventure/combine_in_inventory": {
    "criteria": {
      "coded_trigger": "2024-11-09 00:54:21 +0000"
    },
    "done": true
  },
  "tombstone:recipes/from_dark_marble": {
    "criteria": {
      "has_ingredient": "2024-11-09 00:56:37 +0000"
    },
    "done": true
  },
  "tombstone:adventure/create_strange_tablet": {
    "criteria": {
      "has_strange_tablet": "2024-11-09 00:56:43 +0000"
    },
    "done": true
  },
  "alexsmobs:alexsmobs/crocodile": {
    "criteria": {
      "killed_by": "2024-11-09 01:11:34 +0000"
    },
    "done": true
  },
  "supplementaries:adventure/way_sign": {
    "criteria": {
      "bastion": "2024-11-09 01:12:16 +0000"
    },
    "done": true
  },
  "undead_revamp2:nowyouknow": {
    "criteria": {
      "nowyouknow": "2024-11-09 01:35:36 +0000"
    },
    "done": true
  },
  "dungeons_arise:find_heavenly_conqueror": {
    "criteria": {
      "location0": "2024-11-09 01:38:21 +0000"
    },
    "done": true
  },
  "minecraft:nether/get_wither_skull": {
    "criteria": {
      "wither_skull": "2024-11-09 01:39:14 +0000"
    },
    "done": true
  },
  "deeperdarker:main/kill_all_sculk_mobs": {
    "criteria": {
      "phantom": "2024-11-09 01:54:51 +0000"
    },
    "done": false
  },
  "tombstone:adventure/use_unstable_intangibility": {
    "criteria": {
      "has_magic_scroll": "2024-11-09 01:59:53 +0000"
    },
    "done": true
  },
  "incendium:root": {
    "criteria": {
      "requirement": "2024-11-09 16:11:27 +0000"
    },
    "done": true
  },
  "minecraft:nether/root": {
    "criteria": {
      "entered_nether": "2024-11-09 16:11:27 +0000"
    },
    "done": true
  },
  "minecraft:story/enter_the_nether": {
    "criteria": {
      "entered_nether": "2024-11-09 16:11:27 +0000"
    },
    "done": true
  },
  "minecraft:nether/explore_nether": {
    "criteria": {
      "minecraft:crimson_forest": "2024-11-09 16:11:28 +0000",
      "minecraft:nether_wastes": "2024-11-09 16:31:00 +0000",
      "minecraft:basalt_deltas": "2024-11-09 16:46:38 +0000"
    },
    "done": false
  },
  "alexsmobs:alexsmobs/crimson_mosquito": {
    "criteria": {
      "killed_by": "2024-11-09 16:12:11 +0000"
    },
    "done": true
  },
  "minecraft:nether/find_fortress": {
    "criteria": {
      "in_better_fortress": "2024-11-09 16:13:47 +0000"
    },
    "done": true
  },
  "endrem:main/nether_eye": {
    "criteria": {
      "nether_eye": "2024-11-09 16:16:09 +0000"
    },
    "done": true
  },
  "endrem:main/root": {
    "criteria": {
      "nether_eye": "2024-11-09 16:16:09 +0000"
    },
    "done": true
  },
  "cataclysm:find_soul_black_smith": {
    "criteria": {
      "blacksmith": "2024-11-09 16:20:13 +0000"
    },
    "done": true
  },
  "minecraft:nether/obtain_ancient_debris": {
    "criteria": {
      "ancient_debris": "2024-11-09 16:22:15 +0000"
    },
    "done": true
  },
  "incendium:misc/root": {
    "criteria": {
      "incendium:inverted_forest": "2024-11-09 16:30:56 +0000"
    },
    "done": true
  },
  "eeeabsmobs:eeeabsmobs/bloody_altar": {
    "criteria": {
      "requirement": "2024-11-09 16:30:56 +0000"
    },
    "done": true
  },
  "incendium:misc/soul_searcher": {
    "criteria": {
      "incendium:infernal_dunes": "2024-11-09 17:00:36 +0000",
      "incendium:weeping_valley": "2024-11-09 17:27:11 +0000",
      "incendium:inverted_forest": "2024-11-09 16:30:56 +0000",
      "incendium:volcanic_deltas": "2024-11-09 16:53:46 +0000",
      "incendium:withered_forest": "2024-11-09 17:19:01 +0000"
    },
    "done": false
  },
  "minecraft:nether/find_bastion": {
    "criteria": {
      "bastion": "2024-11-09 16:40:15 +0000"
    },
    "done": true
  },
  "minecraft:nether/loot_bastion": {
    "criteria": {
      "loot_bastion_other": "2024-11-09 16:40:53 +0000"
    },
    "done": true
  },
  "incendium:toxic_heap/nuclear_fusion": {
    "criteria": {
      "incendium:waste": "2024-11-09 16:48:32 +0000"
    },
    "done": true
  },
  "incendium:toxic_heap/mystic_wisdom": {
    "criteria": {
      "waste": "2024-11-09 16:48:32 +0000",
      "junk": "2024-11-09 16:49:47 +0000"
    },
    "done": false
  },
  "incendium:volcanic_deltas/root": {
    "criteria": {
      "incendium:volcanic_deltas": "2024-11-09 16:53:46 +0000"
    },
    "done": true
  },
  "alexsmobs:alexsmobs/straddler": {
    "criteria": {
      "killed_by": "2024-11-09 16:54:09 +0000"
    },
    "done": true
  },
  "incendium:infernal_dunes/root": {
    "criteria": {
      "incendium:infernal_dunes": "2024-11-09 17:00:36 +0000"
    },
    "done": true
  },
  "incendium:infernal_dunes/inferno/root": {
    "criteria": {
      "requirement": "2024-11-09 17:01:50 +0000"
    },
    "done": true
  },
  "incendium:infernal_dunes/dune_blaze": {
    "criteria": {
      "requirement": "2024-11-09 17:02:46 +0000"
    },
    "done": true
  },
  "incendium:infernal_dunes/border_of_life": {
    "criteria": {
      "requirement": "2024-11-09 17:03:49 +0000"
    },
    "done": true
  },
  "incendium:withered_forest/root": {
    "criteria": {
      "requirement": "2024-11-09 17:19:01 +0000"
    },
    "done": true
  },
  "endrem:main/cryptic_eye": {
    "criteria": {
      "cryptic_eye": "2024-11-09 17:44:29 +0000"
    },
    "done": true
  },
  "alexsmobs:alexsmobs/seagull_steal": {
    "criteria": {
      "ex": "2024-11-09 18:30:35 +0000"
    },
    "done": true
  },
  "tombstone:adventure/create_familiar_receptacle": {
    "criteria": {
      "has_familiar_receptacle": "2024-11-09 18:47:00 +0000"
    },
    "done": true
  },
  "incendium:technical/sentrys_wrath": {
    "criteria": {
      "log_spam_fixer": "2024-11-10 17:27:12 +0000"
    },
    "done": false
  },
  "incendium:technical/inventory/sentrys_wrath": {
    "criteria": {
      "log_spam_fixer": "2024-11-10 17:27:12 +0000"
    },
    "done": false
  },
  "incendium:technical/multiplex_crossbow": {
    "criteria": {
      "log_spam_fixer": "2024-11-10 17:27:12 +0000"
    },
    "done": false
  },
  "incendium:technical/feed_ghastling": {
    "criteria": {
      "log_spam_fixer": "2024-11-10 17:27:12 +0000"
    },
    "done": false
  },
  "incendium:technical/on_inventory_change": {
    "criteria": {
      "log_spam_fixer": "2024-11-10 17:27:12 +0000"
    },
    "done": false
  },
  "incendium:technical/on_player_hurt": {
    "criteria": {
      "requirement": "2024-11-10 17:27:49 +0000",
      "log_spam_fixer": "2024-11-10 17:27:12 +0000"
    },
    "done": true
  },
  "incendium:technical/firestorm": {
    "criteria": {
      "log_spam_fixer": "2024-11-10 17:27:12 +0000"
    },
    "done": false
  },
  "incendium:technical/holy_wrath": {
    "criteria": {
      "log_spam_fixer": "2024-11-10 17:27:12 +0000"
    },
    "done": false
  },
  "incendium:technical/on_block": {
    "criteria": {
      "log_spam_fixer": "2024-11-10 17:27:12 +0000"
    },
    "done": false
  },
  "incendium:technical/inventory/firestorm": {
    "criteria": {
      "log_spam_fixer": "2024-11-10 17:27:12 +0000"
    },
    "done": false
  },
  "incendium:technical/give_ghastling": {
    "criteria": {
      "log_spam_fixer": "2024-11-10 17:27:12 +0000"
    },
    "done": false
  },
  "incendium:technical/on_kill": {
    "criteria": {
      "log_spam_fixer": "2024-11-10 17:27:12 +0000"
    },
    "done": false
  },
  "iceandfire:iceandfire/kill_cyclops": {
    "criteria": {
      "killed_fire_dragon": "2024-11-10 17:09:33 +0000"
    },
    "done": true
  },
  "tombstone:adventure/use_home": {
    "criteria": {
      "coded_trigger": "2024-11-10 16:25:59 +0000"
    },
    "done": true
  },
  "betterdungeons:skeleton_dungeon": {
    "criteria": {
      "in_better_skeleton_dungeon": "2024-11-10 16:10:39 +0000"
    },
    "done": true
  },
  "ad_astra:astronaut": {
    "criteria": {
      "has_astronaut": "2024-11-10 17:24:15 +0000"
    },
    "done": true
  },
  "quark:get_forgotten_hat": {
    "criteria": {
      "get_forgotten_hat": "2024-11-10 16:11:32 +0000"
    },
    "done": true
  },
  "ad_astra:smart_blasting": {
    "criteria": {
      "has_etrionic_blast_furnace": "2024-11-10 16:54:48 +0000"
    },
    "done": true
  },
  "tombstone:adventure/revive_familiar": {
    "criteria": {
      "coded_trigger": "2024-11-10 15:25:36 +0000"
    },
    "done": true
  },
  "ad_astra:rocket_science": {
    "criteria": {
      "has_nasa_workbench": "2024-11-10 16:54:44 +0000"
    },
    "done": true
  },
  "ad_astra:under_pressure": {
    "criteria": {
      "has_compressor": "2024-11-10 16:54:40 +0000"
    },
    "done": true
  },
  "ad_astra:ocean_cleanup": {
    "criteria": {
      "oil_bucket": "2024-11-10 17:16:42 +0000"
    },
    "done": true
  },
  "DataVersion": 3465
}